"CD_AnnotatedMembers","CD_AnnotatedMembers_Overlap","CD_AnnotatedMembers_Pvalue","CD_AnnotatedMembers_Size","CD_CommunityName","CD_Labeled","CD_MemberList","CD_MemberList_LogSize","CD_MemberList_Size","name","selected","shared name"
,"0.0","0.0","0",,"false","0 1 10 100 1000 1001 1002 1003 1004 1005 1006 1007 1008 1009 101 1010 1011 1012 1013 1014 1015 1016 1017 1018 1019 102 1020 1021 1022 1023 1024 1025 1026 1027 1028 1029 103 1030 1031 1032 1033 1034 1035 1036 1037 1038 1039 104 1040 1041 1042 1043 1044 1045 1046 1047 1048 1049 105 1050 1051 1052 1053 1054 1055 1056 1057 1058 1059 106 1060 1061 1062 1063 1064 1065 1066 1067 1068 1069 107 1070 1071 1072 1073 1074 1075 1076 1077 1078 1079 108 1080 1081 1082 1083 1084 1085 1086 1087 1088 1089 109 1090 1091 1092 1093 1094 1095 1096 1097 1098 1099 11 110 1100 1101 1102 1103 1104 1105 1106 1107 1108 1109 111 1110 1111 1112 1113 1114 1115 1116 1117 1118 1119 112 1120 1121 1122 1123 1124 1125 1126 1127 1128 1129 113 1130 1131 1132 1133 1134 1135 1136 1137 1138 1139 114 1140 1141 1142 1143 1144 1145 1146 1147 1148 1149 115 1150 1151 1152 1153 1154 1155 1156 1157 1158 1159 116 1160 1161 1162 1163 1164 1165 1166 1167 1168 1169 117 1170 1171 1172 1173 1174 1175 1176 1177 1178 1179 118 1180 1181 1182 1183 1184 1185 1186 1187 1188 1189 119 1190 1191 1192 1193 1194 1195 1196 1197 1198 1199 12 120 1200 1201 1202 1203 1204 1205 1206 1207 1208 1209 121 1210 1211 1212 1213 1214 1215 1216 1217 1218 1219 122 1220 1221 1222 1223 1224 1225 1226 1227 1228 1229 123 1230 1231 1232 1233 1234 1235 1236 1237 1238 1239 124 1240 1241 1242 1243 1244 1245 1246 1247 1248 1249 125 1250 1251 1252 1253 1254 1255 1256 1257 1258 1259 126 1260 1261 1262 1263 1264 1265 1266 1267 1268 1269 127 1270 1271 1272 1273 1274 1275 1276 1277 1278 1279 128 1280 1281 1282 1283 1284 1285 1286 1287 1288 1289 129 1290 1291 1292 1293 1294 1295 1296 1297 1298 1299 13 130 1300 1301 1302 1303 1304 1305 1306 1307 1308 1309 131 1310 1311 1312 1313 1314 1315 1316 1317 1318 1319 132 1320 1321 1322 1323 1324 1325 1326 1327 1328 1329 133 1330 1331 1332 1333 1334 1335 1336 1337 1338 1339 134 1340 1341 1342 1343 1344 1345 1346 1347 1348 1349 135 1350 1351 1352 1353 1354 1355 1356 1357 1358 1359 136 1360 1361 1362 1363 1364 1365 1366 1367 1368 1369 137 1370 1371 1372 1373 1374 1375 1376 1377 1378 1379 138 1380 1381 1382 1383 1384 1385 1386 1387 1388 1389 139 1390 1391 1392 1393 1394 1395 1396 1397 1398 1399 14 140 1400 1401 1402 1403 1404 1405 1406 1407 1408 1409 141 1410 1411 1412 1413 1414 1415 1416 1417 1418 1419 142 1420 1421 1422 1423 1424 1425 1426 1427 1428 1429 143 1430 1431 1432 1433 1434 1435 1436 1437 1438 1439 144 1440 1441 1442 1443 1444 1445 1446 1447 1448 1449 145 1450 1451 1452 1453 1454 1455 1456 1457 1458 1459 146 1460 1461 1462 1463 1464 1465 1466 1467 1468 1469 147 1470 1471 1472 1473 1474 1475 1476 1477 1478 1479 148 1480 1481 1482 1483 1484 1485 1486 1487 1488 1489 149 1490 1491 1492 1493 1494 1495 1496 1497 1498 1499 15 150 1500 1501 1502 1503 1504 1505 1506 1507 1508 1509 151 1510 1511 1512 1513 1514 1515 1516 1517 1518 1519 152 1520 1521 1522 1523 1524 1525 1526 1527 1528 1529 153 1530 1531 1532 1533 1534 1535 1536 1537 1538 1539 154 1540 1541 1542 1543 1544 1545 1546 1547 1548 1549 155 1550 1551 1552 1553 1554 1555 1556 1557 1558 1559 156 1560 1561 1562 1563 1564 1565 1566 1567 1568 1569 157 1570 1571 1572 1573 1574 1575 1576 1577 1578 1579 158 1580 1581 1582 1583 1584 1585 1586 1587 1588 1589 159 1590 1591 1592 1593 1594 1595 1596 1597 1598 1599 16 160 1600 1601 1602 1603 1604 1605 1606 1607 1608 1609 161 1610 1611 1612 1613 1614 1615 1616 1617 1618 1619 162 1620 1621 1622 1623 1624 1625 1626 1627 1628 1629 163 1630 1631 1632 1633 1634 1635 1636 1637 1638 1639 164 1640 1641 1642 1643 1644 1645 1646 1647 1648 1649 165 1650 1651 1652 1653 1654 1655 1656 1657 1658 1659 166 1660 1661 1662 1663 1664 1665 1666 1667 1668 1669 167 1670 1671 1672 1673 1674 1675 1676 1677 1678 1679 168 1680 1681 1682 1683 1684 1685 1686 1687 1688 1689 169 1690 1691 1692 1693 1694 1695 1696 1697 1698 1699 17 170 1700 1701 1702 1703 1704 1705 1706 1707 1708 1709 171 1710 1711 1712 1713 1714 1715 1716 1717 1718 1719 172 1720 1721 1722 1723 1724 1725 1726 1727 1728 1729 173 1730 1731 1732 1733 1734 1735 1736 1737 1738 1739 174 1740 1741 1742 1743 1744 1745 1746 1747 1748 1749 175 1750 1751 1752 1753 1754 1755 1756 1757 1758 1759 176 1760 1761 1762 1763 1764 1765 1766 1767 1768 1769 177 1770 1771 1772 1773 1774 1775 1776 1777 1778 1779 178 1780 1781 1782 1783 1784 1785 1786 1787 1788 1789 179 1790 1791 1792 1793 1794 1795 1796 1797 1798 1799 18 180 1800 1801 1802 1803 1804 1805 1806 1807 1808 1809 181 1810 1811 1812 1813 1814 1815 1816 1817 1818 1819 182 1820 1821 1822 1823 1824 1825 1826 1827 1828 1829 183 1830 1831 1832 1833 1834 1835 1836 1837 1838 1839 184 1840 1841 1842 1843 1844 1845 1846 1847 1848 1849 185 1850 1851 1852 1853 1854 1855 1856 1857 1858 1859 186 1860 1861 1862 1863 1864 1865 1866 1867 1868 1869 187 1870 1871 1872 1873 1874 1875 1876 1877 1878 1879 188 1880 1881 1882 1883 1884 1885 1886 1887 1888 1889 189 1890 1891 1892 1893 1894 1895 1896 1897 1898 1899 19 190 1900 1901 1902 1903 1904 1905 1906 1907 1908 1909 191 1910 1911 1912 1913 1914 1915 1916 1917 1918 1919 192 1920 1921 1922 1923 1924 1925 1926 1927 1928 1929 193 1930 1931 1932 1933 1934 1935 1936 1937 1938 1939 194 1940 1941 1942 1943 1944 1945 1946 1947 1948 1949 195 1950 1951 1952 1953 1954 1955 1956 1957 1958 1959 196 1960 1961 1962 1963 1964 1965 1966 1967 1968 1969 197 1970 1971 1972 1973 1974 1975 1976 1977 1978 1979 198 1980 1981 1982 1983 1984 1985 1986 1987 1988 1989 199 1990 1991 1992 1993 1994 1995 1996 1997 1998 1999 2 20 200 2000 2001 2002 2003 2004 2005 2006 2007 2008 2009 201 2010 2011 2012 2013 2014 2015 2016 2017 2018 2019 202 2020 2021 2022 2023 2024 2025 2026 2027 2028 2029 203 2030 2031 2032 2033 2034 2035 2036 2037 2038 2039 204 2040 2041 2042 2043 2044 2045 2046 2047 2048 2049 205 2050 2051 2052 2053 2054 2055 2056 2057 2058 2059 206 2060 2061 2062 2063 2064 2065 2066 2067 2068 2069 207 2070 2071 2072 2073 2074 2075 2076 2077 2078 2079 208 2080 2081 2082 2083 2084 2085 2086 2087 2088 2089 209 2090 2091 2092 2093 2094 2095 2096 2097 2098 2099 21 210 2100 2101 2102 2103 2104 2105 2106 2107 2108 2109 211 2110 2111 2112 2113 2114 2115 2116 2117 2118 2119 212 2120 2121 2122 2123 2124 2125 2126 2127 2128 2129 213 2130 2131 2132 2133 2134 2135 2136 2137 2138 2139 214 2140 2141 2142 2143 2144 2145 2146 2147 2148 2149 215 2150 2151 2152 2153 2154 2155 2156 2157 2158 2159 216 2160 2161 2162 2163 2164 2165 2166 2167 2168 2169 217 2170 2171 2172 2173 2174 2175 2176 2177 2178 2179 218 2180 2181 2182 2183 2184 2185 2186 2187 2188 2189 219 2190 2191 2192 2193 2194 2195 2196 2197 2198 2199 22 220 2200 2201 2202 2203 2204 2205 2206 2207 2208 2209 221 2210 2211 2212 2213 2214 2215 2216 2217 2218 2219 222 2220 2221 2222 2223 2224 2225 2226 2227 2228 2229 223 2230 2231 2232 2233 2234 2235 2236 2237 2238 2239 224 2240 2241 2242 2243 2244 2245 2246 2247 2248 2249 225 2250 2251 2252 2253 2254 2255 2256 2257 2258 2259 226 2260 2261 2262 2263 2264 2265 2266 2267 2268 2269 227 2270 2271 2272 2273 2274 2275 2276 2277 2278 2279 228 2280 2281 2282 2283 2284 2285 2286 2287 2288 2289 229 2290 2291 2292 2293 2294 2295 2296 2297 2298 2299 23 230 2300 2301 2302 2303 2304 2305 2306 2307 2308 2309 231 2310 2311 2312 2313 2314 2315 2316 2317 2318 2319 232 2320 2321 2322 2323 2324 2325 2326 2327 2328 2329 233 2330 2331 2332 2333 2334 2335 2336 2337 2338 2339 234 2340 2341 2342 2343 2344 2345 2346 2347 2348 2349 235 2350 2351 2352 2353 2354 2355 2356 2357 2358 2359 236 2360 2361 2362 2363 2364 2365 2366 2367 2368 2369 237 2370 2371 2372 2373 2374 2375 2376 2377 2378 2379 238 2380 2381 2382 2383 2384 2385 2386 2387 2388 2389 239 2390 2391 2392 2393 2394 2395 2396 2397 2398 2399 24 240 2400 2401 2402 2403 2404 2405 2406 2407 2408 2409 241 2410 2411 2412 2413 2414 2415 2416 2417 2418 2419 242 2420 2421 2422 2423 2424 2425 2426 2427 2428 2429 243 2430 2431 2432 2433 2434 2435 2436 2437 2438 2439 244 2440 2441 2442 2443 2444 2445 2446 2447 2448 2449 245 2450 2451 2452 2453 2454 2455 2456 2457 2458 2459 246 2460 2461 2462 2463 2464 2465 2466 2467 2468 2469 247 2470 2471 2472 2473 2474 2475 2476 2477 2478 2479 248 2480 2481 2482 2483 2484 2485 2486 2487 2488 2489 249 2490 2491 2492 2493 2494 2495 2496 2497 2498 2499 25 250 2500 2501 2502 2503 2504 2505 2506 2507 2508 2509 251 2510 2511 2512 2513 2514 2515 2516 2517 2518 2519 252 2520 2521 2522 2523 2524 2525 2526 2527 2528 2529 253 2530 2531 2532 2533 2534 2535 2536 2537 2538 2539 254 2540 2541 2542 2543 2544 2545 2546 2547 2548 2549 255 2550 2551 2552 2553 2554 2555 2556 2557 2558 2559 256 2560 2561 2562 2563 2564 2565 2566 2567 2568 2569 257 2570 2571 2572 2573 2574 2575 2576 2577 2578 2579 258 2580 2581 2582 2583 2584 2585 2586 2587 2588 2589 259 2590 2591 2592 2593 2594 2595 2596 2597 2598 2599 26 260 2600 2601 2602 2603 2604 2605 2606 2607 2608 2609 261 2610 2611 2612 2613 2614 2615 2616 2617 2618 2619 262 2620 2621 2622 2623 2624 2625 2626 2627 2628 2629 263 2630 2631 2632 2633 2634 2635 2636 2637 2638 2639 264 2640 2641 2642 2643 2644 2645 2646 2647 2648 2649 265 2650 2651 2652 2653 2654 2655 2656 2657 2658 2659 266 2660 2661 2662 2663 2664 2665 2666 2667 2668 2669 267 2670 2671 2672 2673 2674 2675 2676 2677 2678 2679 268 2680 2681 2682 2683 2684 2685 2686 2687 2688 2689 269 2690 2691 2692 2693 2694 2695 2696 2697 2698 2699 27 270 2700 2701 2702 2703 2704 2705 2706 2707 2708 2709 271 2710 2711 2712 2713 2714 2715 2716 2717 2718 2719 272 2720 2721 2722 2723 2724 2725 2726 2727 2728 2729 273 2730 2731 2732 2733 2734 2735 2736 2737 2738 2739 274 2740 2741 2742 2743 2744 2745 2746 2747 2748 2749 275 2750 2751 2752 2753 2754 2755 2756 2757 2758 2759 276 2760 2761 2762 2763 2764 2765 2766 2767 2768 2769 277 2770 2771 2772 2773 2774 2775 2776 2777 2778 2779 278 2780 2781 2782 2783 2784 2785 2786 2787 2788 2789 279 2790 2791 2792 2793 2794 2795 2796 2797 2798 2799 28 280 2800 2801 2802 2803 2804 2805 2806 2807 2808 2809 281 2810 2811 2812 2813 2814 2815 2816 2817 2818 2819 282 2820 2821 2822 2823 2824 2825 2826 2827 2828 2829 283 2830 2831 2832 2833 2834 2835 2836 2837 2838 2839 284 2840 2841 2842 2843 2844 2845 2846 2847 2848 2849 285 2850 2851 2852 2853 2854 2855 2856 2857 2858 2859 286 2860 2861 2862 2863 2864 2865 2866 2867 2868 2869 287 2870 2871 2872 2873 2874 2875 2876 2877 2878 2879 288 2880 2881 2882 2883 2884 2885 2886 2887 2888 2889 289 2890 2891 2892 2893 2894 2895 2896 2897 2898 2899 29 290 2900 2901 2902 2903 2904 2905 2906 2907 2908 2909 291 2910 2911 2912 2913 2914 2915 2916 2917 2918 2919 292 2920 2921 2922 2923 2924 2925 2926 2927 2928 2929 293 2930 2931 2932 2933 2934 2935 2936 2937 2938 2939 294 2940 2941 2942 2943 2944 2945 2946 2947 2948 2949 295 2950 2951 2952 2953 2954 2955 2956 2957 2958 2959 296 2960 2961 2962 2963 2964 2965 2966 2967 2968 2969 297 2970 2971 2972 2973 2974 2975 2976 2977 2978 2979 298 2980 2981 2982 2983 2984 2985 2986 2987 2988 2989 299 2990 2991 2992 2993 2994 2995 2996 2997 2998 2999 3 30 300 3000 3001 3002 3003 3004 3005 3006 3007 3008 3009 301 3010 3011 3012 3013 3014 3015 3016 3017 3018 3019 302 3020 3021 3022 3023 3024 3025 3026 3027 3028 3029 303 3030 3031 3032 3033 3034 3035 3036 3037 3038 3039 304 3040 3041 3042 3043 3044 3045 3046 3047 3048 3049 305 3050 3051 3052 3053 3054 3055 3056 3057 3058 3059 306 3060 3061 3062 3063 3064 3065 3066 3067 3068 3069 307 3070 3071 3072 3073 3074 3075 3076 3077 3078 3079 308 3080 3081 3082 3083 3084 3085 3086 3087 3088 3089 309 3090 3091 3092 3093 3094 3095 3096 3097 3098 3099 31 310 3100 3101 3102 3103 3104 3105 3106 3107 3108 3109 311 3110 3111 3112 3113 3114 3115 3116 3117 3118 3119 312 3120 3121 3122 3123 3124 3125 3126 3127 3128 3129 313 3130 3131 3132 3133 3134 3135 3136 3137 3138 3139 314 3140 3141 3142 3143 3144 3145 3146 3147 3148 3149 315 3150 3151 3152 3153 3154 3155 3156 3157 3158 3159 316 3160 3161 3162 3163 3164 3165 3166 3167 3168 3169 317 3170 3171 3172 3173 3174 3175 3176 3177 3178 3179 318 3180 3181 3182 3183 3184 3185 3186 3187 3188 3189 319 3190 3191 3192 3193 3194 3195 3196 3197 3198 3199 32 320 3200 3201 3202 3203 3204 3205 3206 3207 3208 3209 321 3210 3211 3212 3213 3214 3215 3216 3217 3218 3219 322 3220 3221 3222 3223 3224 3225 3226 3227 3228 3229 323 3230 3231 3232 3233 3234 3235 3236 3237 3238 3239 324 3240 3241 3242 3243 3244 3245 3246 3247 3248 3249 325 3250 3251 3252 3253 3254 3255 3256 3257 3258 3259 326 3260 3261 3262 3263 3264 3265 3266 3267 3268 3269 327 3270 3271 3272 3273 3274 3275 3276 3277 3278 3279 328 3280 3281 3282 3283 3284 3285 3286 3287 3288 3289 329 3290 3291 3292 3293 3294 3295 3296 3297 3298 3299 33 330 3300 3301 3302 3303 3304 3305 3306 3307 3308 3309 331 3310 3311 3312 3313 3314 3315 3316 3317 3318 3319 332 3320 3321 3322 3323 3324 3325 3326 3327 3328 3329 333 3330 3331 3332 3333 3334 3335 3336 3337 3338 3339 334 3340 3341 3342 3343 3344 3345 3346 3347 3348 3349 335 3350 3351 3352 3353 3354 3355 3356 3357 3358 3359 336 3360 3361 3362 3363 3364 3365 3366 3367 3368 3369 337 3370 3371 3372 3373 3374 3375 3376 3377 3378 3379 338 3380 3381 3382 3383 3384 3385 3386 3387 3388 3389 339 3390 3391 3392 3393 3394 3395 3396 3397 3398 3399 34 340 3400 3401 3402 3403 3404 3405 3406 3407 3408 3409 341 3410 3411 3412 3413 3414 3415 3416 3417 3418 3419 342 3420 3421 3422 3423 3424 3425 3426 3427 3428 3429 343 3430 3431 3432 3433 3434 3435 3436 3437 3438 3439 344 3440 3441 3442 3443 3444 3445 3446 3447 3448 3449 345 3450 3451 3452 3453 3454 3455 3456 3457 3458 3459 346 3460 3461 3462 3463 3464 3465 3466 3467 3468 3469 347 3470 3471 3472 3473 3474 3475 3476 3477 3478 3479 348 3480 3481 3482 3483 3484 3485 3486 3487 3488 3489 349 3490 3491 3492 3493 3494 3495 3496 3497 3498 3499 35 350 3500 3501 3502 3503 3504 3505 3506 3507 3508 3509 351 3510 3511 3512 3513 3514 3515 3516 3517 3518 3519 352 3520 3521 3522 3523 3524 3525 3526 3527 3528 3529 353 3530 3531 3532 3533 3534 3535 3536 3537 3538 3539 354 3540 3541 3542 3543 3544 3545 3546 3547 3548 3549 355 3550 3551 3552 3553 3554 3555 3556 3557 3558 3559 356 3560 3561 3562 3563 3564 3565 3566 3567 3568 3569 357 3570 3571 3572 3573 3574 3575 3576 3577 3578 3579 358 3580 3581 3582 3583 3584 3585 3586 3587 3588 3589 359 3590 3591 3592 3593 3594 3595 3596 3597 3598 3599 36 360 3600 3601 3602 3603 3604 3605 3606 3607 3608 3609 361 3610 3611 3612 3613 3614 3615 3616 3617 3618 3619 362 3620 3621 3622 3623 3624 3625 3626 3627 3628 3629 363 3630 3631 3632 3633 3634 3635 3636 3637 3638 3639 364 3640 3641 3642 3643 3644 3645 3646 3647 3648 3649 365 3650 3651 3652 3653 3654 3655 3656 3657 3658 3659 366 3660 3661 3662 3663 3664 3665 3666 3667 3668 3669 367 3670 3671 3672 3673 3674 3675 3676 3677 3678 3679 368 3680 3681 3682 3683 3684 3685 3686 3687 3688 3689 369 3690 3691 3692 3693 3694 3695 3696 3697 3698 3699 37 370 3700 3701 3702 3703 3704 3705 3706 3707 3708 3709 371 3710 3711 3712 3713 3714 3715 3716 3717 3718 3719 372 3720 3721 3722 3723 3724 3725 3726 3727 3728 3729 373 3730 3731 3732 3733 3734 3735 3736 3737 3738 3739 374 3740 3741 3742 3743 3744 3745 3746 3747 3748 3749 375 3750 3751 3752 3753 3754 3755 3756 3757 3758 3759 376 3760 3761 3762 3763 3764 3765 3766 3767 3768 3769 377 3770 3771 3772 3773 3774 3775 3776 3777 3778 3779 378 3780 3781 3782 3783 3784 3785 3786 3787 3788 3789 379 3790 3791 3792 3793 3794 3795 3796 3797 3798 3799 38 380 3800 3801 3802 3803 3804 3805 3806 3807 3808 3809 381 3810 3811 3812 3813 3814 3815 3816 3817 3818 3819 382 3820 3821 3822 3823 3824 3825 3826 3827 3828 3829 383 3830 3831 3832 3833 3834 3835 3836 3837 3838 3839 384 3840 3841 3842 3843 3844 3845 3846 3847 3848 3849 385 3850 3851 3852 3853 3854 3855 3856 3857 3858 3859 386 3860 3861 3862 3863 3864 3865 3866 3867 3868 3869 387 3870 3871 3872 3873 3874 3875 3876 3877 3878 3879 388 3880 3881 3882 3883 3884 3885 3886 3887 3888 3889 389 3890 3891 3892 3893 3894 3895 3896 3897 3898 3899 39 390 3900 3901 3902 3903 3904 3905 3906 3907 3908 3909 391 3910 3911 3912 3913 3914 3915 3916 3917 3918 3919 392 3920 3921 3922 3923 3924 3925 3926 3927 3928 3929 393 3930 3931 3932 3933 3934 3935 3936 3937 3938 3939 394 3940 3941 3942 3943 3944 3945 3946 3947 3948 3949 395 3950 3951 3952 3953 3954 3955 3956 3957 3958 3959 396 3960 3961 3962 3963 3964 3965 3966 3967 3968 3969 397 3970 3971 3972 3973 3974 3975 3976 3977 3978 3979 398 3980 3981 3982 3983 3984 3985 3986 3987 3988 3989 399 3990 3991 3992 3993 3994 3995 3996 3997 3998 3999 4 40 400 4000 4001 4002 4003 4004 4005 4006 4007 4008 4009 401 4010 4011 4012 4013 4014 4015 4016 4017 4018 4019 402 4020 4021 4022 4023 4024 4025 4026 4027 4028 4029 403 4030 4031 4032 4033 4034 4035 4036 4037 4038 4039 404 4040 4041 4042 4043 4044 4045 4046 4047 4048 4049 405 4050 4051 4052 4053 4054 4055 4056 4057 4058 4059 406 4060 4061 4062 4063 4064 4065 4066 4067 4068 4069 407 4070 4071 4072 4073 4074 4075 4076 4077 4078 4079 408 4080 4081 4082 4083 4084 4085 4086 4087 4088 4089 409 4090 4091 4092 4093 4094 4095 4096 4097 4098 4099 41 410 4100 4101 4102 4103 4104 4105 4106 4107 4108 4109 411 4110 4111 4112 4113 4114 4115 4116 4117 4118 4119 412 4120 4121 4122 4123 4124 4125 4126 4127 4128 4129 413 4130 4131 4132 4133 4134 4135 4136 4137 4138 4139 414 4140 4141 4142 4143 4144 4145 4146 4147 4148 4149 415 4150 4151 4152 4153 4154 4155 4156 4157 4158 4159 416 4160 4161 4162 4163 4164 4165 4166 4167 4168 4169 417 4170 4171 4172 4173 4174 4175 4176 4177 4178 4179 418 4180 4181 4182 4183 4184 4185 4186 4187 4188 4189 419 4190 4191 4192 4193 4194 4195 4196 4197 4198 4199 42 420 4200 4201 4202 4203 4204 4205 4206 4207 4208 4209 421 4210 4211 4212 4213 4214 4215 4216 4217 4218 4219 422 4220 4221 4222 4223 4224 4225 4226 4227 4228 4229 423 4230 4231 4232 4233 4234 4235 4236 4237 4238 4239 424 4240 4241 4242 4243 4244 4245 4246 4247 4248 4249 425 4250 4251 4252 4253 4254 4255 4256 4257 4258 4259 426 4260 4261 4262 4263 4264 4265 4266 4267 4268 4269 427 4270 4271 4272 4273 4274 4275 4276 4277 4278 4279 428 4280 4281 4282 4283 4284 4285 4286 4287 4288 4289 429 4290 4291 4292 4293 4294 4295 4296 4297 4298 4299 43 430 4300 4301 4302 4303 4304 4305 4306 4307 4308 4309 431 4310 4311 4312 4313 4314 4315 4316 4317 4318 4319 432 4320 4321 4322 4323 4324 4325 4326 4327 4328 4329 433 4330 4331 4332 4333 4334 4335 4336 4337 4338 4339 434 4340 4341 4342 4343 4344 4345 4346 4347 4348 4349 435 4350 4351 4352 4353 4354 4355 4356 4357 4358 4359 436 4360 4361 4362 4363 4364 4365 4366 4367 4368 4369 437 4370 4371 4372 4373 4374 4375 4376 4377 4378 4379 438 4380 4381 4382 4383 4384 4385 4386 4387 4388 4389 439 4390 4391 4392 4393 4394 4395 4396 4397 4398 4399 44 440 4400 4401 4402 4403 4404 4405 4406 4407 4408 4409 441 4410 4411 4412 4413 4414 4415 4416 4417 4418 4419 442 4420 4421 4422 4423 4424 4425 4426 4427 4428 4429 443 4430 4431 4432 4433 4434 4435 4436 4437 4438 4439 444 4440 4441 4442 4443 4444 4445 4446 4447 4448 4449 445 4450 4451 4452 4453 4454 4455 4456 4457 4458 4459 446 4460 4461 4462 4463 4464 4465 4466 4467 4468 4469 447 4470 4471 4472 4473 4474 4475 4476 4477 4478 4479 448 4480 4481 4482 4483 4484 4485 4486 4487 4488 4489 449 4490 4491 4492 4493 4494 4495 4496 4497 4498 4499 45 450 4500 4501 4502 4503 4504 4505 4506 4507 4508 4509 451 4510 4511 4512 4513 4514 4515 4516 4517 4518 4519 452 4520 4521 4522 4523 4524 4525 4526 4527 4528 4529 453 4530 4531 4532 4533 4534 4535 4536 4537 4538 4539 454 4540 4541 4542 4543 4544 4545 4546 4547 4548 4549 455 4550 4551 4552 4553 4554 4555 4556 4557 4558 4559 456 4560 4561 4562 4563 4564 4565 4566 4567 4568 4569 457 4570 4571 4572 4573 4574 4575 4576 4577 4578 4579 458 4580 4581 4582 4583 4584 4585 4586 4587 4588 4589 459 4590 4591 4592 4593 4594 4595 4596 4597 4598 4599 46 460 4600 4601 4602 4603 4604 4605 4606 4607 4608 4609 461 4610 4611 4612 4613 4614 4615 4616 4617 4618 4619 462 4620 4621 4622 4623 4624 4625 4626 4627 4628 4629 463 4630 4631 4632 4633 4634 4635 4636 4637 4638 4639 464 4640 4641 4642 4643 4644 4645 4646 4647 4648 4649 465 4650 4651 4652 4653 4654 4655 4656 4657 4658 4659 466 4660 4661 4662 4663 4664 4665 4666 4667 4668 4669 467 4670 4671 4672 4673 4674 4675 4676 4677 4678 4679 468 4680 4681 4682 4683 4684 4685 4686 4687 4688 4689 469 4690 4691 4692 4693 4694 4695 4696 4697 4698 4699 47 470 4700 4701 4702 4703 4704 4705 4706 4707 4708 4709 471 4710 4711 4712 4713 4714 4715 4716 4717 4718 4719 472 4720 4721 4722 4723 4724 4725 4726 4727 4728 4729 473 4730 4731 4732 4733 4734 4735 4736 4737 4738 4739 474 4740 4741 4742 4743 4744 4745 4746 4747 4748 4749 475 4750 4751 4752 4753 4754 4755 4756 4757 4758 4759 476 4760 4761 4762 4763 4764 4765 4766 4767 4768 4769 477 4770 4771 4772 4773 4774 4775 4776 4777 4778 4779 478 4780 4781 4782 4783 4784 4785 4786 4787 4788 4789 479 4790 4791 4792 4793 4794 4795 4796 4797 4798 4799 48 480 4800 4801 4802 4803 4804 4805 4806 4807 4808 4809 481 4810 4811 4812 4813 4814 4815 4816 4817 4818 4819 482 4820 4821 4822 4823 4824 4825 4826 4827 4828 4829 483 4830 4831 4832 4833 4834 4835 4836 4837 4838 4839 484 4840 4841 4842 4843 4844 4845 4846 4847 4848 4849 485 4850 4851 4852 4853 4854 4855 4856 4857 4858 4859 486 4860 4861 4862 4863 4864 4865 4866 4867 4868 4869 487 4870 4871 4872 4873 4874 4875 4876 4877 4878 4879 488 4880 4881 4882 4883 4884 4885 4886 4887 4888 4889 489 4890 4891 4892 4893 4894 4895 4896 4897 4898 4899 49 490 4900 4901 4902 4903 4904 4905 4906 4907 4908 4909 491 4910 4911 4912 4913 4914 4915 4916 4917 4918 4919 492 4920 4921 4922 4923 4924 4925 4926 4927 4928 4929 493 4930 4931 4932 4933 4934 4935 4936 4937 4938 4939 494 4940 4941 4942 4943 4944 4945 4946 4947 4948 4949 495 4950 4951 4952 4953 4954 4955 4956 4957 4958 4959 496 4960 4961 4962 4963 4964 4965 4966 4967 4968 4969 497 4970 4971 4972 4973 4974 4975 4976 4977 4978 4979 498 4980 4981 4982 4983 4984 4985 4986 4987 4988 4989 499 4990 4991 4992 4993 4994 4995 4996 4997 4998 4999 5 50 500 5000 5001 5002 5003 5004 5005 5006 5007 5008 5009 501 5010 5011 5012 5013 5014 5015 5016 5017 5018 5019 502 5020 5021 5022 5023 5024 5025 5026 5027 5028 5029 503 5030 5031 5032 5033 5034 5035 5036 5037 5038 5039 504 5040 5041 5042 5043 5044 5045 5046 5047 5048 5049 505 5050 5051 5052 5053 5054 5055 5056 5057 5058 5059 506 5060 5061 5062 5063 5064 5065 5066 5067 5068 5069 507 5070 5071 5072 5073 5074 5075 5076 5077 5078 5079 508 5080 5081 5082 5083 5084 5085 5086 5087 5088 5089 509 5090 5091 5092 5093 5094 5095 5096 5097 5098 5099 51 510 5100 5101 5102 5103 5104 5105 5106 5107 5108 5109 511 5110 5111 5112 5113 5114 5115 5116 5117 5118 5119 512 5120 5121 5122 5123 5124 5125 5126 5127 5128 5129 513 5130 5131 5132 5133 5134 5135 5136 5137 5138 5139 514 5140 5141 5142 5143 5144 5145 5146 5147 5148 5149 515 5150 5151 5152 5153 5154 5155 5156 5157 5158 5159 516 5160 5161 5162 5163 5164 5165 5166 5167 5168 5169 517 5170 5171 5172 5173 5174 5175 5176 5177 5178 5179 518 5180 5181 5182 5183 5184 5185 5186 5187 5188 5189 519 5190 5191 5192 5193 5194 5195 5196 5197 5198 5199 52 520 5200 5201 5202 5203 5204 5205 5206 5207 5208 5209 521 5210 5211 5212 5213 5214 5215 5216 5217 5218 5219 522 5220 5221 5222 5223 5224 5225 5226 5227 5228 5229 523 5230 5231 5232 5233 5234 5235 5236 5237 5238 5239 524 5240 5241 5242 5243 5244 5245 5246 5247 5248 5249 525 5250 5251 5252 5253 5254 5255 5256 5257 5258 5259 526 5260 5261 5262 5263 5264 5265 5266 5267 5268 5269 527 5270 5271 5272 5273 5274 5275 5276 5277 5278 5279 528 5280 5281 5282 5283 5284 5285 5286 5287 5288 5289 529 5290 5291 5292 5293 5294 5295 5296 5297 5298 5299 53 530 5300 5301 5302 5303 5304 5305 5306 5307 5308 5309 531 5310 5311 5312 5313 5314 5315 5316 5317 5318 5319 532 5320 5321 5322 5323 5324 5325 5326 5327 5328 5329 533 5330 5331 5332 5333 5334 5335 5336 5337 5338 5339 534 5340 5341 5342 5343 5344 5345 5346 5347 5348 5349 535 5350 5351 5352 5353 5354 5355 5356 5357 5358 5359 536 5360 5361 5362 5363 5364 5365 5366 5367 5368 5369 537 5370 5371 5372 5373 5374 5375 5376 5377 5378 5379 538 5380 5381 5382 5383 5384 5385 5386 5387 5388 5389 539 5390 5391 5392 5393 5394 5395 5396 5397 5398 5399 54 540 5400 5401 5402 5403 5404 5405 5406 5407 5408 5409 541 5410 5411 5412 5413 5414 5415 5416 5417 5418 5419 542 5420 5421 5422 5423 5424 5425 5426 5427 5428 5429 543 5430 5431 5432 5433 5434 5435 5436 5437 5438 5439 544 5440 5441 5442 5443 5444 5445 5446 5447 5448 5449 545 5450 5451 5452 5453 5454 5455 5456 5457 5458 5459 546 5460 5461 5462 5463 5464 5465 5466 5467 5468 5469 547 5470 5471 5472 5473 5474 5475 5476 5477 5478 5479 548 5480 5481 5482 5483 5484 5485 5486 5487 5488 5489 549 5490 5491 5492 5493 5494 5495 5496 5497 5498 5499 55 550 5500 5501 5502 5503 5504 5505 5506 5507 5508 5509 551 5510 5511 5512 5513 5514 5515 5516 5517 5518 5519 552 5520 5521 5522 5523 5524 5525 5526 5527 5528 5529 553 5530 5531 5532 5533 5534 5535 5536 5537 5538 5539 554 5540 5541 5542 5543 5544 5545 5546 5547 5548 5549 555 5550 5551 5552 5553 5554 5555 5556 5557 5558 5559 556 5560 5561 5562 5563 5564 5565 5566 5567 5568 5569 557 5570 5571 5572 5573 5574 5575 5576 5577 5578 5579 558 5580 5581 5582 5583 5584 5585 5586 5587 5588 5589 559 5590 5591 5592 5593 5594 5595 5596 5597 5598 5599 56 560 5600 5601 5602 5603 5604 5605 5606 5607 5608 5609 561 5610 5611 5612 5613 5614 5615 5616 5617 5618 5619 562 5620 5621 5622 5623 5624 5625 5626 5627 5628 5629 563 5630 5631 5632 5633 5634 5635 5636 5637 5638 5639 564 5640 5641 5642 5643 5644 5645 5646 5647 5648 5649 565 5650 5651 5652 5653 5654 5655 5656 5657 5658 5659 566 5660 5661 5662 5663 5664 5665 5666 5667 5668 5669 567 5670 5671 5672 5673 5674 5675 5676 5677 5678 5679 568 5680 5681 5682 5683 5684 5685 5686 5687 5688 5689 569 5690 5691 5692 5693 5694 5695 5696 5697 5698 5699 57 570 5700 5701 5702 5703 5704 5705 5706 5707 5708 5709 571 5710 5711 5712 5713 5714 5715 5716 5717 5718 5719 572 5720 5721 5722 5723 5724 5725 5726 5727 5728 5729 573 5730 5731 5732 5733 5734 5735 5736 5737 5738 5739 574 5740 5741 5742 5743 5744 5745 5746 5747 5748 5749 575 5750 5751 5752 5753 5754 5755 5756 5757 5758 5759 576 5760 5761 5762 5763 5764 5765 5766 5767 5768 5769 577 5770 5771 5772 5773 5774 5775 5776 5777 5778 5779 578 5780 5781 5782 5783 5784 5785 5786 5787 5788 5789 579 5790 5791 5792 5793 5794 5795 5796 5797 5798 5799 58 580 5800 5801 5802 5803 5804 5805 5806 5807 5808 5809 581 5810 5811 5812 5813 5814 5815 5816 5817 5818 5819 582 5820 5821 5822 5823 5824 5825 5826 5827 5828 5829 583 5830 5831 5832 5833 5834 5835 5836 5837 5838 5839 584 5840 5841 5842 5843 5844 5845 5846 5847 5848 5849 585 5850 5851 5852 5853 5854 5855 5856 5857 5858 5859 586 5860 5861 5862 5863 5864 5865 5866 5867 5868 5869 587 5870 5871 5872 5873 5874 5875 5876 5877 5878 5879 588 5880 5881 5882 5883 5884 5885 5886 5887 5888 5889 589 5890 5891 5892 5893 5894 5895 5896 5897 5898 5899 59 590 5900 5901 5902 5903 5904 5905 5906 5907 5908 5909 591 5910 5911 5912 5913 5914 5915 5916 5917 5918 5919 592 5920 5921 5922 5923 5924 5925 5926 5927 5928 5929 593 5930 5931 5932 5933 5934 5935 5936 5937 5938 5939 594 5940 5941 5942 5943 5944 5945 5946 5947 5948 5949 595 5950 5951 5952 5953 5954 5955 5956 5957 5958 5959 596 5960 5961 5962 5963 5964 5965 5966 5967 5968 5969 597 5970 5971 5972 5973 5974 5975 5976 5977 5978 5979 598 5980 5981 5982 5983 5984 5985 5986 5987 5988 5989 599 5990 5991 5992 5993 5994 5995 5996 5997 5998 5999 6 60 600 6000 6001 6002 6003 6004 6005 6006 6007 6008 6009 601 6010 6011 6012 6013 6014 6015 6016 6017 6018 6019 602 6020 6021 6022 6023 6024 6025 6026 6027 6028 6029 603 6030 6031 6032 6033 6034 6035 6036 6037 6038 6039 604 6040 6041 6042 6043 6044 6045 6046 6047 6048 6049 605 6050 6051 6052 6053 6054 6055 6056 6057 6058 6059 606 6060 6061 6062 6063 6064 6065 6066 6067 6068 6069 607 6070 6071 6072 6073 6074 6075 6076 6077 6078 6079 608 6080 6081 6082 6083 6084 6085 6086 6087 6088 6089 609 6090 6091 6092 6093 6094 6095 6096 6097 6098 6099 61 610 6100 6101 6102 6103 6104 6105 6106 6107 6108 6109 611 6110 6111 6112 6113 6114 6115 6116 6117 6118 6119 612 6120 6121 6122 6123 6124 6125 6126 6127 6128 6129 613 6130 6131 6132 6133 6134 6135 6136 6137 6138 6139 614 6140 6141 6142 6143 6144 6145 6146 6147 6148 6149 615 6150 6151 6152 6153 6154 6155 6156 6157 6158 6159 616 6160 6161 6162 6163 6164 6165 6166 6167 6168 6169 617 6170 6171 6172 6173 6174 6175 6176 6177 6178 6179 618 6180 6181 6182 6183 6184 6185 6186 6187 6188 6189 619 6190 6191 6192 6193 6194 6195 6196 6197 6198 6199 62 620 6200 6201 6202 6203 6204 6205 6206 6207 6208 6209 621 6210 6211 6212 6213 6214 6215 6216 6217 6218 6219 622 6220 6221 6222 6223 6224 6225 6226 6227 6228 6229 623 6230 6231 6232 6233 6234 6235 6236 6237 6238 6239 624 6240 6241 6242 6243 6244 6245 6246 6247 6248 6249 625 6250 6251 6252 6253 6254 6255 6256 6257 6258 6259 626 6260 6261 6262 6263 6264 6265 6266 6267 6268 6269 627 6270 6271 6272 6273 6274 6275 6276 6277 6278 6279 628 6280 6281 6282 6283 6284 6285 6286 6287 6288 6289 629 6290 6291 6292 6293 6294 6295 6296 6297 6298 6299 63 630 6300 631 632 633 634 635 636 637 638 639 64 640 641 642 643 644 645 646 647 648 649 65 650 651 652 653 654 655 656 657 658 659 66 660 661 662 663 664 665 666 667 668 669 67 670 671 672 673 674 675 676 677 678 679 68 680 681 682 683 684 685 686 687 688 689 69 690 691 692 693 694 695 696 697 698 699 7 70 700 701 702 703 704 705 706 707 708 709 71 710 711 712 713 714 715 716 717 718 719 72 720 721 722 723 724 725 726 727 728 729 73 730 731 732 733 734 735 736 737 738 739 74 740 741 742 743 744 745 746 747 748 749 75 750 751 752 753 754 755 756 757 758 759 76 760 761 762 763 764 765 766 767 768 769 77 770 771 772 773 774 775 776 777 778 779 78 780 781 782 783 784 785 786 787 788 789 79 790 791 792 793 794 795 796 797 798 799 8 80 800 801 802 803 804 805 806 807 808 809 81 810 811 812 813 814 815 816 817 818 819 82 820 821 822 823 824 825 826 827 828 829 83 830 831 832 833 834 835 836 837 838 839 84 840 841 842 843 844 845 846 847 848 849 85 850 851 852 853 854 855 856 857 858 859 86 860 861 862 863 864 865 866 867 868 869 87 870 871 872 873 874 875 876 877 878 879 88 880 881 882 883 884 885 886 887 888 889 89 890 891 892 893 894 895 896 897 898 899 9 90 900 901 902 903 904 905 906 907 908 909 91 910 911 912 913 914 915 916 917 918 919 92 920 921 922 923 924 925 926 927 928 929 93 930 931 932 933 934 935 936 937 938 939 94 940 941 942 943 944 945 946 947 948 949 95 950 951 952 953 954 955 956 957 958 959 96 960 961 962 963 964 965 966 967 968 969 97 970 971 972 973 974 975 976 977 978 979 98 980 981 982 983 984 985 986 987 988 989 99 990 991 992 993 994 995 996 997 998 999","12.621","6301","C27440","false","C27440"
,"0.0","0.0","0",,"false","1295 1358 1369 1387 1453 1455 1457 1458 1767 1769 1771 1773 1774 1903 2712 2831 308 3117 3220 3221 3222 3250 3280 3607 397 4242 4326 4329 4545 4601 4602 4603 4604 4605 4606 4607 4608 476 4866 5377 5378 5381 5612 5800 860","5.492","45","C27148","false","C27148"
,"0.0","0.0","0",,"false","130 132 134 135 140 1549 1629 1682 2099 2100 2101 2103 2230 2231 2232 2233 2366 2531 2533 2587 267 2673 2841 34 3460 3938 3939 3940 3941 4213 4894 5007 5366 5595 5596 5598 5742 579 5798 5866 5994 6106 6107","5.426","43","C27149","false","C27149"
,"0.0","0.0","0",,"false","1301 1345 1346 1348 1349 1350 1730 1890 2051 2639 2708 3189 3215 3362 3639 3640 3641 3642 3643 3644 3645 3646 3647 3648 3649 3650 3651 3652 3653 3655 3656 3657 3659 3662 3663 3664 3665 3666 3667 3668 3885 4433","5.392","42","C27150","false","C27150"
,"0.0","0.0","0",,"false","1009 1011 1012 1014 1017 3044 6139 6197 6198 6199 6200 6201 6202 6203 6204 6205 6206 6207 6208 6209 6210 6211 6212 6213 6214 6215 6216 6217 6218 6219 6220 6221 6222 6223 6224 6225 6226 6227 6228","5.285","39","C27151","false","C27151"
,"0.0","0.0","0",,"false","1028 1413 178 1798 2128 2129 2325 256 2640 2672 2828 2940 2960 3120 3144 3919 3922 3942 3963 4022 4023 4024 4025 4325 4468 4542 4543 4731 4756 4770 4921 4996 5155 5899 6056 6058 871 96","5.248","38","C27152","false","C27152"
,"0.0","0.0","0",,"false","1168 182 1988 216 2167 2464 2466 2487 2572 2573 2574 3048 3049 3519 3768 4116 4117 4119 4872 4883 490 5086 5133 5469 6069 6155 6167 6168 6230 6231 647 648 649 650 652 653 895","5.209","37","C27153","false","C27153"
,"0.0","0.0","0",,"false","107 1269 1384 1552 1777 1928 2081 2177 2219 2223 2308 2313 2316 2320 2933 372 3930 4461 4998 5004 5005 5006 5196 5254 5321 5594 5608 5695 5696 5697 5701 5731 5732 5776 5898 5975 603","5.209","37","C27154","false","C27154"
,"0.0","0.0","0",,"false","1020 1086 1229 139 1824 194 2135 2136 2137 2139 2140 2984 2985 3084 3085 363 3738 3886 3888 4068 4126 4359 4915 4916 4953 4977 5060 5061 5062 5556 5854 5979 6031 6032 6124 6176 6183","5.209","37","C27155","false","C27155"
,"0.0","0.0","0",,"false","1160 1204 1322 1375 2126 2197 2446 2499 3045 3099 3101 3103 3104 3715 3977 42 428 429 4332 435 436 438 4469 4475 4476 456 4897 4898 5216 5217 5218 5219 5309 5486 5836 5838 6063","5.209","37","C27156","false","C27156"
,"0.0","0.0","0",,"false","1173 1857 3610 3611 3613 3614 3781 4449 4539 4553 4874 4924 4925 5009 5085 5129 5293 5295 5562 5576 5884 5897 6040 6050 6051 6052 6053 6143 6144 6145 6146 6147 6148 6149 6255 757 758","5.209","37","C27157","false","C27157"
,"0.0","0.0","0",,"false","1482 1538 1599 1794 1795 1796 1865 2472 2645 2647 2700 3046 3095 3235 4521 4522 4523 4524 4525 4527 4528 4529 4530 4531 458 460 461 4620 4621 463 465 4667 467 715 797 818","5.17","36","C27158","false","C27158"
,"0.0","0.0","0",,"false","110 2029 2031 2034 2562 2823 3202 3269 3796 4165 4182 4183 4184 4321 4322 4323 4590 4723 4923 4930 5093 5100 5109 5111 5112 5177 529 5423 5428 5442 5681 5683 5684 5685 5686 5687","5.17","36","C27159","false","C27159"
,"0.0","0.0","0",,"false","1331 1333 1336 1338 1554 1700 2057 2165 2324 260 2671 2786 3176 3178 3325 3456 3457 3458 3475 3504 3538 3717 3752 3807 3851 4505 4572 4573 4575 4576 4739 5376 5454 5455 850","5.129","35","C27160","false","C27160"
,"0.0","0.0","0",,"false","1089 1157 152 1818 1888 1894 208 210 214 215 217 2186 2872 3556 3726 3823 4764 4913 4941 4942 4943 5137 5139 5238 5728 719 721 723 724 725 726 727 78 846 854","5.129","35","C27161","false","C27161"
,"0.0","0.0","0",,"false","1063 1232 1233 1235 1236 2493 2519 2652 2762 2987 2990 2992 2995 302 3089 3090 3093 3601 380 3858 3925 3944 4439 4440 4441 5206 5704 6041 6163 6233 732 923 925 927 928","5.129","35","C27162","false","C27162"
,"0.0","0.0","0",,"false","1002 1091 1093 1095 1096 1260 1261 1262 1263 1266 1478 1479 1480 1483 1921 2800 2801 2802 300 301 303 304 306 309 3817 4485 4979 518 5905 798 906 909 910 912 95","5.129","35","C27163","false","C27163"
,"0.0","0.0","0",,"false","1611 2235 2416 2417 2421 2698 2766 2768 2769 2804 3334 4271 4281 430 4311 470 5012 5475 5492 5727 5841 5842 5843 5844 5947 5948 5949 5950 6249 6268 6269 6270 6283 826 867","5.129","35","C27164","false","C27164"
,"0.0","0.0","0",,"false","1219 1252 1498 1705 1712 1713 1776 1870 1874 1875 2244 2256 2258 2576 305 3472 3474 4175 4724 508 510 511 514 515 5209 5444 5445 5446 642 656 657 659 661 662 663","5.129","35","C27165","false","C27165"
,"0.0","0.0","0",,"false","1106 1253 1383 1880 2271 2357 2359 2964 3119 3211 3229 3629 3630 3683 389 3983 4230 4434 4757 4980 5000 5003 5153 5274 5591 5592 5593 5801 6165 777 781 782 783 784 785","5.129","35","C27166","false","C27166"
,"0.0","0.0","0",,"false","1199 1297 1535 1605 1606 1607 1608 1864 1866 1867 1868 1869 1999 2001 2381 2492 261 3336 3617 3867 4008 4041 440 4490 4689 4828 4971 4972 5078 5320 5424 5476 5619 810 924","5.129","35","C27167","false","C27167"
,"0.0","0.0","0",,"false","1134 1471 1610 1613 1614 1615 164 1892 1937 1938 1944 212 2336 2467 2468 2469 2470 2473 2525 2526 2527 2528 3360 418 496 5069 5623 577 5906 5907 5908 60 6064 6065","5.087","34","C27168","false","C27168"
,"0.0","0.0","0",,"false","103 1332 1735 1736 1738 2061 2376 2507 2508 2509 2511 2512 2513 2784 2902 3270 4365 4642 4643 522 5342 537 538 539 540 542 543 544 545 546 6036 6137 997","5.044","33","C27169","false","C27169"
,"0.0","0.0","0",,"false","1004 1760 1859 2024 2212 2537 2891 2905 3398 3605 3608 4146 4334 4338 4397 4536 4743 4744 4745 4814 4929 5103 5220 5225 53 5340 5341 5461 56 5715 5717 5718 738","5.044","33","C27170","false","C27170"
,"0.0","0.0","0",,"false","1507 1575 1802 2195 2697 2830 2832 2833 2834 2857 2981 3390 3496 3536 3727 3916 3918 4042 4065 4726 4804 4807 5035 5479 5568 5606 5607 5609 5610 751 884 949","5.0","32","C27171","false","C27171"
,"0.0","0.0","0",,"false","1582 1657 1659 1660 1661 1662 1664 1791 2156 2309 2312 2349 2667 2799 3175 3282 3300 3372 355 3841 4369 4448 5186 5252 5253 5256 5258 5958 5959 6258 6271 6272","5.0","32","C27172","false","C27172"
,"0.0","0.0","0",,"false","1913 2040 2383 2655 2912 3321 3341 3421 3986 4014 4043 4121 4348 4675 4685 4687 4734 5027 5036 5054 5055 5084 5138 5163 5671 749 796 952 953 954 957 960","5.0","32","C27173","false","C27173"
,"0.0","0.0","0",,"false","1405 2260 271 2789 3675 3804 4363 4501 4592 5255 5380 5509 5569 5636 5645 5730 5859 5860 5861 5862 5923 5926 5982 6095 6097 6098 6177 6178 6181 6266 6274 6275","5.0","32","C27174","false","C27174"
,"0.0","0.0","0",,"false","1069 1278 1294 1296 1298 1299 1300 160 2109 2110 2111 2112 2115 2287 2558 2826 3062 3709 3887 4216 4340 4666 4984 4985 4987 5141 5142 5223 5516 5517 690 744","5.0","32","C27175","false","C27175"
,"0.0","0.0","0",,"false","1766 1915 2102 2218 2370 2445 3488 3869 3870 3871 3872 3873 4631 5394 5395 6022 6039 6093 6099 6105 6157 6158 6159 6160 6161 6162 6164 6166 6172 6173 6179 6276","5.0","32","C27176","false","C27176"
,"0.0","0.0","0",,"false","1081 1698 1710 2213 2551 2725 2727 2728 2844 2845 2846 2849 2850 2978 2979 2980 2983 3450 3454 4409 4410 5067 512 5631 613 801 938 939 940 943 945 964","5.0","32","C27177","false","C27177"
,"0.0","0.0","0",,"false","2066 2097 2332 2408 2776 3394 3395 3542 3635 4032 4251 4273 4438 4625 4664 4730 4732 4793 4812 4873 4875 5241 5275 5333 5435 5453 5497 5725 5845 5846 911","4.954","31","C27178","false","C27178"
,"0.0","0.0","0",,"false","2481 2482 2483 2484 2485 2629 3025 3109 3335 3355 4378 4473 4474 4696 475 4934 5049 5523 5735 5775 5850 5855 6008 6009 6010 6011 6033 6034 6035 6194 6289","4.954","31","C27179","false","C27179"
,"0.0","0.0","0",,"false","1117 1119 1121 1122 1177 1440 1557 1558 1560 159 1718 1992 2286 2380 2656 292 3129 3302 3303 3306 334 3764 3962 400 4076 4548 4759 4761 5018 5221 931","4.954","31","C27180","false","C27180"
,"0.0","0.0","0",,"false","1118 1324 1328 1427 1792 2011 2377 2540 2542 2582 2584 2998 3000 3172 3540 4064 4217 4712 4861 5143 5144 5145 560 561 563 564 565 569 5707 580 823","4.954","31","C27181","false","C27181"
,"0.0","0.0","0",,"false","1179 1590 1886 1974 3069 3225 3370 3438 3679 3745 3746 3747 3748 4125 4611 4612 4877 4881 5030 5167 5672 5673 5674 617 618 619 621 622 624 625 627","4.954","31","C27182","false","C27182"
,"0.0","0.0","0",,"false","1111 1222 1223 1224 1225 1226 1231 1697 1827 1828 1829 1833 1873 1932 2163 2398 2644 2792 3018 3019 3020 3021 3055 3721 4087 4292 5192 5278 5311 5312 821","4.954","31","C27183","false","C27183"
,"0.0","0.0","0",,"false","1162 1164 1166 1309 2396 2463 2586 2588 2591 2592 3059 4004 4082 4083 4084 4114 4115 4188 5031 5032 5033 6059 679 681 682 683 686 687 688 712 847","4.954","31","C27184","false","C27184"
,"0.0","0.0","0",,"false","1306 1321 1694 1816 1889 2060 2788 3383 3443 3444 3445 3446 3447 3451 3551 3638 4639 4722 4760 5406 5753 5803 5966 5967 825 827 829 832 833 834 835","4.954","31","C27185","false","C27185"
,"0.0","0.0","0",,"false","1060 1526 1839 1922 2767 2941 3161 3591 3592 3612 3688 3689 3691 3692 4303 4567 4855 5350 5351 5831 6014 6017 6019 6020 6021 6023 6131 6133 6135 6136 634","4.954","31","C27186","false","C27186"
,"0.0","0.0","0",,"false","1047 1216 1234 1591 1620 1750 2262 228 231 232 233 234 235 2385 2612 2687 3083 342 3510 3512 3801 4131 4452 5073 5276 5297 5624 5747 5748 5811 5909","4.954","31","C27187","false","C27187"
,"0.0","0.0","0",,"false","1353 1668 1671 2095 2301 2306 2307 2321 2323 2327 2337 2475 2803 2923 340 341 343 346 347 3480 356 3728 4228 4310 4318 4839 4909 531 572 71 926","4.954","31","C27188","false","C27188"
,"0.0","0.0","0",,"false","1015 1360 1561 2265 268 2917 2918 2919 3223 3246 3364 3720 4415 4609 4610 4630 4632 4705 4969 5045 5056 5614 5670 5930 673 840 968 971 973 974","4.907","30","C27189","false","C27189"
,"0.0","0.0","0",,"false","1249 1520 1521 1522 1523 1525 1871 2363 2399 3328 3491 386 4085 4086 4123 4974 584 587 607 609 614 615 616 728 729 730 733 735 883 958","4.907","30","C27190","false","C27190"
,"0.0","0.0","0",,"false","2227 2264 2632 2633 3205 3275 3702 4344 4939 5228 5230 5294 5729 5759 5760 5762 5804 5807 5931 5953 5968 5969 5992 5993 5995 5996 5997 5998 5999 684","4.907","30","C27191","false","C27191"
,"0.0","0.0","0",,"false","112 201 2044 2045 2047 2154 2155 2159 2425 2704 2907 3386 3471 3997 4099 4100 4391 4392 4854 5287 5952 6080 714 773 836 837 841 842 843 844","4.907","30","C27192","false","C27192"
,"0.0","0.0","0",,"false","1936 1984 2113 2169 2300 2393 255 3554 361 3790 381 383 384 388 3996 3998 4129 413 4421 4581 4704 4725 5039 5041 5191 5266 5456 5692 5693 5694","4.907","30","C27193","false","C27193"
,"0.0","0.0","0",,"false","1123 1337 1573 1612 1724 1725 1726 1727 1844 2014 2221 2222 229 2500 3052 3332 3377 3378 3490 3564 3585 3588 3589 3792 3793 4151 4823 5091 67 80","4.907","30","C27194","false","C27194"
,"0.0","0.0","0",,"false","1116 1426 1658 1957 2015 2016 2245 2246 288 2880 3951 4092 425 4483 4551 4660 4766 4771 4970 5348 5470 5528 562 5863 5864 5865 6252 6265 6267 92","4.907","30","C27195","false","C27195"
,"0.0","0.0","0",,"false","1587 1674 1677 1678 1680 1681 1768 1841 1846 2131 2161 3047 3285 3295 3586 3820 3954 4113 4663 4754 5075 513 5467 5915 6015 6037 6127 630 680","4.858","29","C27196","false","C27196"
,"0.0","0.0","0",,"false","1092 1501 170 1972 2214 2279 2607 351 3557 357 358 3749 3751 3753 3965 3966 401 4150 4205 4209 4371 4816 4817 5021 5790 6060 6079 944 983","4.858","29","C27197","false","C27197"
,"0.0","0.0","0",,"false","1856 1858 1861 218 2180 220 221 225 2291 2705 3318 3418 3524 3583 3908 3989 4176 4479 4677 4802 5317 5318 5319 5773 5774 5814 5815 6027 6088","4.858","29","C27198","false","C27198"
,"0.0","0.0","0",,"false","1072 1600 1743 204 2127 2589 2648 2714 2717 2718 2836 3500 3501 3502 3913 4185 4283 4624 4626 4785 4786 4787 4995 5590 5885 706 786 800 956","4.858","29","C27199","false","C27199"
,"0.0","0.0","0",,"false","1415 1703 1752 2106 2164 2311 2423 2426 2427 2669 2906 2975 3272 3273 3468 3517 3518 3968 404 431 4404 4645 4647 4772 623 635 692 746 747","4.858","29","C27200","false","C27200"
,"0.0","0.0","0",,"false","1030 206 2190 2651 2945 2946 2947 2950 3326 3499 3631 4007 4354 4429 4430 4435 4673 4674 5283 5572 5879 5880 5881 787 788 791 792 793 794","4.858","29","C27201","false","C27201"
,"0.0","0.0","0",,"false","1462 1463 1464 1465 1466 1467 1468 1469 1470 1472 2013 2247 2536 2734 2999 3160 3313 3315 4556 4557 4558 4559 4560 4561 4562 4671 4672 5162 5346","4.858","29","C27202","false","C27202"
,"0.0","0.0","0",,"false","1633 1634 1635 1638 1639 1640 2116 2130 2550 2690 2691 2692 2694 2696 3181 3724 3875 3876 3877 3878 4255 4258 4259 4261 5166 5257 5734 767 831","4.858","29","C27203","false","C27203"
,"0.0","0.0","0",,"false","100 102 104 106 1951 2025 2026 2028 2229 2738 2863 2864 3414 4158 469 471 474 5099 5102 5637 5638 608 6245 64 770 805 972 98","4.807","28","C27204","false","C27204"
,"0.0","0.0","0",,"false","1690 1949 2315 2345 2593 2594 2771 2772 2892 3412 3547 4001 4002 4044 4190 4219 4372 4374 4376 4747 4749 5372 5585 5888 695 711 881 932","4.807","28","C27205","false","C27205"
,"0.0","0.0","0",,"false","1000 1218 1220 1221 1475 1563 1618 2170 2530 2579 3917 3975 4155 4157 4400 4783 500 5260 5261 5262 5379 55 57 58 59 5971 6091 6186","4.807","28","C27206","false","C27206"
,"0.0","0.0","0",,"false","1144 1287 1545 1834 1835 1837 1838 1840 1945 1953 1954 1955 2174 2660 3271 3722 3723 3881 4252 4856 4975 4976 5393 5531 5902 5903 626 68","4.807","28","C27207","false","C27207"
,"0.0","0.0","0",,"false","1814 1975 2083 2193 2419 2432 2596 2702 3546 3548 3600 3681 3776 3797 3861 3914 3915 3953 4194 4195 4266 4267 4268 4922 5891 5893 5894 5981","4.807","28","C27208","false","C27208"
,"0.0","0.0","0",,"false","1193 1447 2303 2322 3171 3369 3429 4015 4017 4018 4019 4020 4120 4570 4711 4714 4715 5081 5214 5235 5237 5239 5518 5519 5520 5714 5757 576","4.807","28","C27209","false","C27209"
,"0.0","0.0","0",,"false","1428 1429 1432 1454 1843 1898 2033 2203 2405 2478 2479 2853 3297 3307 3308 336 3514 3574 3575 3576 4600 4791 494 5040 5613 5784 629 921","4.807","28","C27210","false","C27210"
,"0.0","0.0","0",,"false","1043 1289 1344 1425 1731 1916 2070 2903 2944 2966 3143 3145 3146 3184 3185 3186 3834 3835 3836 3837 4012 4387 4537 4538 4684 5419 5420 658","4.807","28","C27211","false","C27211"
,"0.0","0.0","0",,"false","2498 2501 2502 2504 3345 3371 3615 3775 3838 4132 4133 4135 4144 4145 4147 4214 4707 4708 4865 4954 4955 4956 4957 5097 5098 533 6132 819","4.807","28","C27212","false","C27212"
,"0.0","0.0","0",,"false","1180 1574 1785 1787 1788 1910 2288 2539 3367 3453 3701 3971 3972 3973 3976 3978 4204 4248 4337 4895 5047 5131 5132 5171 549 5646 5676 795","4.807","28","C27213","false","C27213"
,"0.0","0.0","0",,"false","1061 1625 1627 1628 1630 2278 2361 2602 2603 2605 2608 2609 2610 2638 2885 3384 339 360 362 364 3821 3969 3970 4088 4232 4233 442 693","4.807","28","C27214","false","C27214"
,"0.0","0.0","0",,"false","1154 1156 1159 198 2149 2150 2198 2254 2744 2746 2747 2859 2883 3550 3565 3943 4093 4356 4367 4613 4665 5010 5011 5323 5412 5951 864 870","4.807","28","C27215","false","C27215"
,"0.0","0.0","0",,"false","1434 1435 1436 1437 1438 1568 2364 2413 3173 3291 3292 3293 3294 3406 4050 4051 4052 5347 5632 5791 5911 5924 6273 6277 6278 6290 891","4.755","27","C27216","false","C27216"
,"0.0","0.0","0",,"false","1040 1687 2299 2898 2962 2963 2965 2967 3439 3440 3441 3992 3993 3994 4067 4139 4382 4383 4841 4842 4843 4993 5508 5856 5857 6282 6291","4.755","27","C27217","false","C27217"
,"0.0","0.0","0",,"false","1670 1716 1855 2297 2298 2391 2808 3091 349 3572 4077 4078 4079 4316 4328 473 4829 4830 5070 5071 552 5932 668 670 674 675 677","4.755","27","C27218","false","C27218"
,"0.0","0.0","0",,"false","2191 2192 2194 2196 2330 243 2569 2641 3396 3590 3730 4446 4733 4845 5447 5448 764 766 768 772 774 79 87 88 90 91 97","4.755","27","C27219","false","C27219"
,"0.0","0.0","0",,"false","114 1356 1357 1361 2209 2523 3237 3238 3239 3240 3511 3988 4857 5024 5025 5530 588 589 590 591 592 593 594 595 596 597 598","4.755","27","C27220","false","C27220"
,"0.0","0.0","0",,"false","1167 1169 1170 1583 2141 223 2471 270 272 273 274 275 276 277 278 2955 3078 477 5537 5538 5539 5540 5541 5868 5869 5870 600","4.755","27","C27221","false","C27221"
,"0.0","0.0","0",,"false","1495 1496 1534 2689 2706 3363 3555 4148 4221 4350 4700 4701 4702 4703 4818 4819 4820 5554 5603 5895 6013 6061 6062 6150 6151 6153 771","4.755","27","C27222","false","C27222"
,"0.0","0.0","0",,"false","1267 1268 1270 1271 1272 1273 1318 1541 1958 2758 2795 3121 3159 3347 3404 3408 4010 4180 4519 4533 4753 4904 5016 5046 5126 5127 582","4.755","27","C27223","false","C27223"
,"0.0","0.0","0",,"false","1143 1397 187 2042 2160 2226 2384 2544 279 282 286 2867 287 3032 3179 3289 3769 4069 4163 4516 4577 5334 5335 5365 665 822 981","4.755","27","C27224","false","C27224"
,"0.0","0.0","0",,"false","1400 2277 2280 2282 2283 2284 248 2809 2810 2811 2812 2813 2814 2815 2816 2817 326 3262 3263 3265 3267 3268 4105 915 917 920 922","4.755","27","C27225","false","C27225"
,"0.0","0.0","0",,"false","1001 1071 1100 1155 1286 1290 1291 1293 1442 1854 2394 2934 3034 3035 3036 3573 3602 3603 3604 3795 4445 4466 4834 4835 575 6078","4.7","26","C27226","false","C27226"
,"0.0","0.0","0",,"false","153 1533 1707 1956 2410 2777 2884 3076 3477 3478 3481 3482 3483 3485 4308 4593 5058 5205 5452 5691 6170 6238 6240 6251 6263 85","4.7","26","C27227","false","C27227"
,"0.0","0.0","0",,"false","1048 1053 1054 1528 1950 1968 2319 2462 2848 2931 3733 3734 3736 4057 4640 4693 480 4910 4911 5068 5227 5426 5427 5721 5722 5723","4.7","26","C27228","false","C27228"
,"0.0","0.0","0",,"false","1205 1396 1847 1849 1851 1852 1853 2205 2996 3065 3068 3070 3122 3281 3660 3700 437 459 4648 4649 4651 4652 4899 6000 6001 803","4.7","26","C27229","false","C27229"
,"0.0","0.0","0",,"false","2007 2039 2048 2305 2318 2538 3149 3465 3581 3744 3750 3763 3785 3787 3788 3789 3812 3824 4011 4013 4549 4550 5170 5172 5173 5174","4.7","26","C27230","false","C27230"
,"0.0","0.0","0",,"false","1530 1952 2355 2387 2894 331 332 333 335 337 3732 4153 4154 4436 4628 4668 5094 5095 5183 5384 5494 5546 5688 5882 5976 6138","4.7","26","C27231","false","C27231"
,"0.0","0.0","0",,"false","1026 1246 2002 2004 2008 2009 2937 3380 3407 3455 4264 4717 4718 4742 487 5356 5957 6066 6084 6085 6086 6154 6156 65 685 86","4.7","26","C27232","false","C27232"
,"0.0","0.0","0",,"false","1275 1276 1277 1279 1282 1283 1284 1285 1292 1993 1995 1997 1998 2585 2805 2874 3128 3130 3131 3132 3154 3155 3157 3770 61 907","4.7","26","C27233","false","C27233"
,"0.0","0.0","0",,"false","1163 1165 1217 1666 2268 2270 2465 2560 2561 2614 283 3057 325 4212 4218 4494 4495 4496 4497 4498 4499 5273 610 632 838","4.644","25","C27234","false","C27234"
,"0.0","0.0","0",,"false","1542 1925 2373 2452 3066 3904 4091 4107 4108 4844 4878 4999 5001 5079 5080 5224 5403 5405 5720 5890 5956 6081 6082 6083 816","4.644","25","C27235","false","C27235"
,"0.0","0.0","0",,"false","1509 2077 2411 3249 3431 3507 4089 4090 4679 4789 4824 5626 5779 5783 5793 5837 5910 5941 5978 5983 5984 5985 6073 6074 6075","4.644","25","C27236","false","C27236"
,"0.0","0.0","0",,"false","1013 169 192 195 2035 2118 2119 2120 2121 2913 2915 3115 3670 3699 406 4300 4540 4882 4888 5203 5204 5259 5279 872 933","4.644","25","C27237","false","C27237"
,"0.0","0.0","0",,"false","1609 2662 2663 2665 2961 3242 3906 4192 4247 4250 5443 5781 5823 5825 5826 5901 6054 6055 736 737 739 740 743 745 898","4.644","25","C27238","false","C27238"
,"0.0","0.0","0",,"false","1120 1511 1762 1987 2090 2201 227 2292 2497 2732 3549 3928 3982 3984 4294 4317 5385 5578 5580 5584 5795 5796 5797 5802 5883","4.644","25","C27239","false","C27239"
,"0.0","0.0","0",,"false","1430 1486 2970 3251 3402 4650 5083 5096 5200 5408 5409 5410 5635 5710 5711 5712 5713 5809 5810 6016 605 6128 6129 6130 6175","4.644","25","C27240","false","C27240"
,"0.0","0.0","0",,"false","2138 2302 2707 2709 2710 2711 4272 4280 4287 4638 464 5181 5357 5399 5400 5401 5402 5474 5675 5816 5933 5934 759 828 919","4.644","25","C27241","false","C27241"
,"0.0","0.0","0",,"false","1407 2145 2217 3373 371 3900 3901 3902 3903 3905 4710 4713 4826 4981 4982 4983 4988 4989 4990 5524 5944 6076 6077 6152 9","4.644","25","C27242","false","C27242"
,"0.0","0.0","0",,"false","1103 1212 1402 1830 1845 1986 1989 1990 1991 2108 2459 2729 2904 3137 3165 3260 3261 4401 4432 4546 4547 755 81 848","4.585","24","C27243","false","C27243"
,"0.0","0.0","0",,"false","1032 1070 1247 1248 1250 1793 1901 2424 2428 2818 2838 2842 3113 3503 3541 4028 4097 929 930 934 935 936 937 955","4.585","24","C27244","false","C27244"
,"0.0","0.0","0",,"false","1207 1720 190 2677 2739 294 3071 3072 3073 3075 3077 3228 3964 4000 4614 4615 4616 4658 4695 4961 5038 5189 5429 5827","4.585","24","C27245","false","C27245"
,"0.0","0.0","0",,"false","1124 1125 1128 1131 1132 1133 1419 1420 1421 1422 1423 1631 1740 2152 2168 2688 3158 3498 38 528 530 535 536 760","4.585","24","C27246","false","C27246"
,"0.0","0.0","0",,"false","1237 1238 1239 1242 1244 1339 14 1547 2392 2488 2490 2839 3038 3342 3346 3661 4390 4471 4683 503 509 5250 5733 809","4.585","24","C27247","false","C27247"
,"0.0","0.0","0",,"false","1688 2775 2778 3141 3247 3284 3497 4106 450 451 452 453 457 4654 4655 4656 4762 5954 5955 6169 6234 6235 887 969","4.585","24","C27248","false","C27248"
,"0.0","0.0","0",,"false","1195 2023 2753 2754 2755 3594 3595 3813 3967 4463 4489 4662 4848 4849 4850 4851 5019 5020 5160 5307 5392 5411 637 869","4.585","24","C27249","false","C27249"
,"0.0","0.0","0",,"false","1172 1174 1178 1529 1924 1946 2085 2600 2908 296 3050 3051 3219 3310 3330 3331 3333 3725 3780 4109 4249 4676 524 651","4.585","24","C27250","false","C27250"
,"0.0","0.0","0",,"false","1057 1058 1059 1062 1065 1647 1729 1732 2360 3470 3626 376 4053 4054 4055 4775 4777 583 5940 6004 6112 6113 6115 6116","4.585","24","C27251","false","C27251"
,"0.0","0.0","0",,"false","1025 1027 2335 2575 2897 2916 2952 2953 2954 3134 3191 3599 4366 4377 4379 4380 4580 4692 4853 5107 5108 5425 568 99","4.585","24","C27252","false","C27252"
,"0.0","0.0","0",,"false","2375 2378 2379 3563 3695 3798 3897 398 4059 4622 4931 5288 5651 5754 5887 5919 5920 5964 6042 6043 6044 6045 6047 6048","4.585","24","C27253","false","C27253"
,"0.0","0.0","0",,"false","1018 1080 1708 2263 2266 2403 2723 2868 307 3337 3375 4284 4286 4341 4681 5101 6114 6189 6190 6191 6192 6193 6246 858","4.585","24","C27254","false","C27254"
,"0.0","0.0","0",,"false","1790 2409 2461 2737 2780 2782 2783 2791 2796 3037 4477 4480 4568 5354 5355 5358 896 897 899 901 902 903 904 905","4.585","24","C27255","false","C27255"
,"0.0","0.0","0",,"false","1695 1941 1942 1981 2255 2559 2683 2932 3100 3123 3708 3710 3711 3718 3758 3759 3760 3761 3762 3879 4170 4171 4544 4959","4.585","24","C27256","false","C27256"
,"0.0","0.0","0",,"false","1090 117 1626 2075 2078 2240 2249 2386 2418 2514 2515 3110 3111 3379 3381 4735 547 5473 5545 6292 6293 6294 6295 6300","4.585","24","C27257","false","C27257"
,"0.0","0.0","0",,"false","1039 1066 1176 1311 2234 2285 2896 2956 2957 3017 3102 3133 3164 3979 4535 4799 4973 5052 5154 5310 5463 5521 5618 5904","4.585","24","C27258","false","C27258"
,"0.0","0.0","0",,"false","1265 1553 1581 1636 1672 1673 1821 1822 1823 1825 1826 2216 2634 2635 2636 3391 3393 3449 4229 4238 4239 5389 646 703","4.585","24","C27259","false","C27259"
,"0.0","0.0","0",,"false","1209 1210 1213 1214 1215 197 200 202 205 207 2534 3001 4081 4167 4355 4541 495 5185 5240 541 709 710 713 876","4.585","24","C27260","false","C27260"
,"0.0","0.0","0",,"false","2631 2684 2685 2686 2851 2854 2927 379 419 4265 4694 4779 5344 5430 5431 5432 5433 5597 5777 5778 5780 5817 734 963","4.585","24","C27261","false","C27261"
,"0.0","0.0","0",,"false","1527 1598 4453 454 4587 462 4880 5251 5367 5368 5547 5548 5549 5634 5738 5739 5740 5741 5743 5744 5745 5746 5871 5872","4.585","24","C27262","false","C27262"
,"0.0","0.0","0",,"false","1227 1370 1371 1372 1373 1378 1493 1565 2133 2243 2433 2637 2756 2757 2759 2760 285 3862 3880 3882 433 4405 4406 873","4.585","24","C27263","false","C27263"
,"0.0","0.0","0",,"false","2067 2294 2314 2331 2674 2675 2676 3194 3382 4156 4373 4416 4719 4720 4871 5164 5165 5269 5407 5437 5438 5449 5589 750","4.585","24","C27264","false","C27264"
,"0.0","0.0","0",,"false","1023 1050 1107 133 1531 1532 1536 1540 1543 1544 1893 2092 2899 3124 3338 3339 3340 3855 3857 4343 4682 5231 998","4.524","23","C27265","false","C27265"
,"0.0","0.0","0",,"false","1367 1935 2153 2215 2724 2847 3218 3266 3558 3856 3909 3910 3911 3912 4335 4336 4491 4827 4991 4992 4994 5616 6057","4.524","23","C27266","false","C27266"
,"0.0","0.0","0",,"false","1251 1256 1257 2434 2435 2436 2437 2438 410 411 414 416 417 420 5013 5014 5015 636 638 639 640 641 643","4.524","23","C27267","false","C27267"
,"0.0","0.0","0",,"false","1799 1801 2049 2200 2565 2566 2567 3039 3259 3358 3606 3814 3815 3816 4207 4231 4599 4634 4697 4698 4699 655 853","4.524","23","C27268","false","C27268"
,"0.0","0.0","0",,"false","1152 1663 1940 2005 209 2257 2429 3140 4225 4437 5106 5244 5639 5640 5794 5986 5987 5989 5991 6100 6101 6103 6104","4.524","23","C27269","false","C27269"
,"0.0","0.0","0",,"false","1038 1044 1067 1570 1648 1649 2793 2824 2827 2976 2977 324 3254 3397 4304 4729 4986 5157 5588 862 948 950 951","4.524","23","C27270","false","C27270"
,"0.0","0.0","0",,"false","1084 1692 1693 1696 181 184 185 186 188 189 191 1933 2365 2367 2368 2369 2371 2372 280 4312 492 5208 790","4.524","23","C27271","false","C27271"
,"0.0","0.0","0",,"false","1281 138 1431 23 2339 2340 2342 2344 2505 2870 3136 3290 385 3933 4137 4345 4361 4362 4728 483 5242 5243 5245","4.524","23","C27272","false","C27272"
,"0.0","0.0","0",,"false","3112 3782 4293 44 45 46 47 48 5193 5194 5195 5197 5198 52 521 54 5434 5441 5604 5698 5699 5700 581","4.524","23","C27273","false","C27273"
,"0.0","0.0","0",,"false","1325 2220 2517 2657 2840 2865 2866 2890 295 3156 3680 3985 4240 4241 4368 4398 4564 4565 5023 5505 731 977","4.459","22","C27274","false","C27274"
,"0.0","0.0","0",,"false","1354 1359 1741 1980 2134 2147 2329 2781 3166 3203 3283 3329 3410 3466 3884 4027 4029 4738 51 5303 672 913","4.459","22","C27275","false","C27275"
,"0.0","0.0","0",,"false","1374 1685 1686 1689 222 2228 2253 2358 2552 3936 3949 3950 4056 4596 5026 5308 5370 5371 5374 5375 5602 6232","4.459","22","C27276","false","C27276"
,"0.0","0.0","0",,"false","1052 1085 1456 1881 2341 2721 3392 3479 3632 3633 3634 3719 3740 3991 4290 4503 4780 4870 4905 5202 5702 959","4.459","22","C27277","false","C27277"
,"0.0","0.0","0",,"false","2269 3737 3952 3955 3957 4442 4706 5113 5291 5641 5660 5661 5662 5663 5664 5665 5666 5667 5668 5669 660 893","4.459","22","C27278","false","C27278"
,"0.0","0.0","0",,"false","101 1016 1820 2199 2510 312 3322 3559 3561 3593 3697 3920 3921 4138 4140 4210 4597 4716 49 4997 5090 894","4.459","22","C27279","false","C27279"
,"0.0","0.0","0",,"false","1036 1584 1797 2334 2613 2994 3094 3174 344 3658 4143 4571 4578 4879 4944 5152 5199 5272 5581 5582 5736 5737","4.459","22","C27280","false","C27280"
,"0.0","0.0","0",,"false","1029 1146 1721 2430 3180 3476 4364 4478 4506 4908 5290 5313 5314 5316 5563 5564 5565 5874 5875 5876 5877 5878","4.459","22","C27281","false","C27281"
,"0.0","0.0","0",,"false","1264 1701 1939 2010 2187 2188 2202 236 237 239 24 241 242 244 2441 2442 245 3461 455 5487 5858 612","4.459","22","C27282","false","C27282"
,"0.0","0.0","0",,"false","1055 1347 165 1979 2123 2124 2748 2968 2969 2971 3771 3791 3946 4301 4302 4526 4840 4926 4927 4928 5042 6123","4.459","22","C27283","false","C27283"
,"0.0","0.0","0",,"false","1389 1390 1391 1394 1395 2877 2878 2879 2882 310 313 314 315 317 319 320 3231 3234 4324 4709 5215 978","4.459","22","C27284","false","C27284"
,"0.0","0.0","0",,"false","1412 2076 211 2162 2654 2797 3067 3767 4243 4589 4740 4889 4920 4937 5349 5457 5829 5830 6024 6025 908 942","4.459","22","C27285","false","C27285"
,"0.0","0.0","0",,"false","1982 213 2179 2447 2448 2449 2450 2451 2989 3153 3344 3442 3735 3756 3894 4122 466 4688 5977 6007 6141","4.392","21","C27286","false","C27286"
,"0.0","0.0","0",,"false","1335 1411 1414 1416 1417 1418 1779 1842 2351 2942 3577 3578 3580 3582 3935 4805 5506 5514 5965 6089 6237","4.392","21","C27287","false","C27287"
,"0.0","0.0","0",,"false","1505 1645 1912 2443 2506 2646 3731 4061 4141 4142 4149 4236 4746 5105 5156 5306 5369 5462 5767 5768 6262","4.392","21","C27288","false","C27288"
,"0.0","0.0","0",,"false","1594 1595 1616 1619 1621 1622 1623 2310 2713 3859 4297 4574 4822 4960 4962 5362 5363 5364 5511 5512 722","4.392","21","C27289","false","C27289"
,"0.0","0.0","0",,"false","1489 1711 1917 1919 1920 21 2535 2554 2597 2604 2659 2843 2982 3684 3685 3686 3687 4166 4168 4245 505","4.392","21","C27290","false","C27290"
,"0.0","0.0","0",,"false","2236 2568 2888 3212 3462 4038 4327 4360 4393 4394 4395 4396 4763 4765 4951 5226 5232 5233 5234 748 780","4.392","21","C27291","false","C27291"
,"0.0","0.0","0",,"false","224 281 2948 3010 3061 3087 3560 4134 4420 4425 4426 4428 4450 4451 4486 4488 4511 4512 4514 4821 5271","4.392","21","C27292","false","C27292"
,"0.0","0.0","0",,"false","105 1240 1691 2019 2021 2022 2157 2422 3029 3127 3669 4641 5034 5159 5292 5766 5847 6026 6028 6029 6030","4.392","21","C27293","false","C27293"
,"0.0","0.0","0",,"false","1075 1076 1078 1079 1082 1083 116 1181 1182 1183 1185 1186 1187 1188 1189 1190 1191 1340 2030 2054 3054","4.392","21","C27294","false","C27294"
,"0.0","0.0","0",,"false","1197 1569 1576 1770 1850 2041 2079 2114 3253 3596 3597 3598 3852 3853 3854 4417 4912 5175 5627 5970 6090","4.392","21","C27295","false","C27295"
,"0.0","0.0","0",,"false","1241 136 1492 1500 1815 1817 1819 2480 2543 2545 2869 3567 3621 4159 4945 5361 5789 5792 611 808","4.322","20","C27296","false","C27296"
,"0.0","0.0","0",,"false","1398 1399 2521 2522 2524 2731 2733 3114 3232 3319 4618 5053 571 5840 765 804 806 807 811 812","4.322","20","C27297","false","C27297"
,"0.0","0.0","0",,"false","1211 1577 1578 1800 2649 3389 3712 3929 4058 5057 550 6006 6117 6118 6119 6120 6241 6256 6257 628","4.322","20","C27298","false","C27298"
,"0.0","0.0","0",,"false","109 111 115 118 119 1597 2065 2068 2664 5121 5211 5504 5703 6279 6284 6285 6286 6287 6288 789","4.322","20","C27299","false","C27299"
,"0.0","0.0","0",,"false","1884 2625 3430 3839 4031 4063 4500 4758 4806 5161 5315 5327 5451 5468 5677 5769 5770 5771 5772 5935","4.322","20","C27300","false","C27300"
,"0.0","0.0","0",,"false","1715 2926 4066 4333 439 441 443 444 445 446 447 449 4635 5396 5892 6018 6049 6140 6142 664","4.322","20","C27301","false","C27301"
,"0.0","0.0","0",,"false","1056 1200 1201 1203 1206 1208 1327 156 1589 2189 2304 3064 3365 3366 3368 3714 4222 5028 5190 5605","4.322","20","C27302","false","C27302"
,"0.0","0.0","0",,"false","1126 240 2765 3097 3147 3148 3301 3314 4381 4467 4653 4788 5037 5115 5222 5246 5493 5611 689 691","4.322","20","C27303","false","C27303"
,"0.0","0.0","0",,"false","1443 1444 3125 3264 4276 4864 5490 5491 5498 5533 5534 5535 5536 6012 6125 6126 6184 6185 6187 6188","4.322","20","C27304","false","C27304"
,"0.0","0.0","0",,"false","1243 1926 1927 1929 2211 2914 3028 3030 3031 3106 3107 3108 3696 39 4388 4825 5247 5513 5515 982","4.322","20","C27305","false","C27305"
,"0.0","0.0","0",,"false","1228 1334 1559 173 1891 1896 2333 3074 359 3672 3678 4030 4288 4443 4493 4800 4906 4907 5284 5503","4.322","20","C27306","false","C27306"
,"0.0","0.0","0",,"false","1068 2347 2653 2972 2973 3620 4034 4071 4208 5022 5134 5135 5136 5289 5418 5647 5648 5649 5650 5652","4.322","20","C27307","false","C27307"
,"0.0","0.0","0",,"false","1572 2069 2237 2400 2583 2658 3357 3359 3637 3990 5118 5296 5404 5719 5749 5763 5764 5765 5805 5972","4.322","20","C27308","false","C27308"
,"0.0","0.0","0",,"false","120 1758 230 2541 2787 2991 3126 3244 3288 3520 3523 3525 4274 4627 4782 4813 5178 5488 5489 5542","4.322","20","C27309","false","C27309"
,"0.0","0.0","0",,"false","1145 1147 1148 1149 1150 1151 1153 1556 2184 3376 3923 3924 3927 5615 5900 671 859 861 865 868","4.322","20","C27310","false","C27310"
,"0.0","0.0","0",,"false","1906 1970 1973 1976 2012 2821 354 3743 4270 4320 5077 516 517 519 520 523 525 73 89 914","4.322","20","C27311","false","C27311"
,"0.0","0.0","0",,"false","1010 1308 2362 2489 2661 2920 2922 2924 2925 3098 3182 3183 3926 4045 4046 4047 4048 4049 4534 5002","4.322","20","C27312","false","C27312"
,"0.0","0.0","0",,"false","1393 1546 1548 1550 1551 183 2043 2053 2404 2406 2621 2822 3361 3826 3827 390 394 395 421 423","4.322","20","C27313","false","C27313"
,"0.0","0.0","0",,"false","1518 2460 250 2835 31 3779 3874 4110 4111 4181 4330 4331 4458 5008 5063 5298 5299 5301 5599 574","4.322","20","C27314","false","C27314"
,"0.0","0.0","0",,"false","1650 1651 1652 1654 1811 262 2825 2873 2876 3399 3400 3401 3545 4075 5937 817 961 965 966","4.248","19","C27315","false","C27315"
,"0.0","0.0","0",,"false","1503 1637 1930 1947 2382 3014 3387 3388 3419 3704 3705 3706 3707 3729 392 779 814 994 995","4.248","19","C27316","false","C27316"
,"0.0","0.0","0",,"false","1585 1586 1588 1592 1593 1782 203 2272 2650 2720 2722 2887 3532 4370 5824 5886 5973 5974 741","4.248","19","C27317","false","C27317"
,"0.0","0.0","0",,"false","1702 1717 2356 2928 3305 3486 3537 3833 4035 4036 4037 4948 4949 4952 4978 5570 5571 558 5583","4.248","19","C27318","false","C27318"
,"0.0","0.0","0",,"false","146 2182 2183 2185 238 2761 2886 3484 4234 4260 4298 4299 4447 5201 5657 5922 5942 6108 6182","4.248","19","C27319","false","C27319"
,"0.0","0.0","0",,"false","1073 1074 1675 247 3170 3420 3424 3425 3426 3427 3432 3433 3434 3435 3436 3437 4472 775 776","4.248","19","C27320","false","C27320"
,"0.0","0.0","0",,"false","1041 1045 16 1653 1964 1965 1966 1967 2248 3403 485 5114 5117 66 69 70 72 74 75","4.248","19","C27321","false","C27321"
,"0.0","0.0","0",,"false","1343 1497 1499 1502 1504 1764 1765 3195 3196 3197 3198 3527 4582 5207 5708 5709 585 5943 839","4.248","19","C27322","false","C27322"
,"0.0","0.0","0",,"false","1019 1021 1392 2158 2251 2296 2929 2930 3818 3896 3898 3899 3987 415 4403 4936 4938 676 799","4.248","19","C27323","false","C27323"
,"0.0","0.0","0",,"false","1171 1326 1863 1983 1994 2003 3193 3230 3703 3773 3774 3777 3778 3783 3784 4893 5625 5912 5913","4.248","19","C27324","false","C27324"
,"0.0","0.0","0",,"false","1303 2036 2682 3245 3865 4173 4583 4686 4963 4964 4965 4967 5300 5382 5383 5421 5422 5507 5587","4.248","19","C27325","false","C27325"
,"0.0","0.0","0",,"false","1202 2091 2326 2395 2806 2852 3053 3092 3105 3343 3864 3866 4021 4130 4346 4347 4349 4351 4968","4.248","19","C27326","false","C27326"
,"0.0","0.0","0",,"false","2027 2281 3296 3350 3385 3569 4375 4657 4659 4661 4690 4691 4781 5270 5478 5480 5481 5482 5483","4.248","19","C27327","false","C27327"
,"0.0","0.0","0",,"false","1445 1446 1448 1449 1450 1451 1452 3227 502 5601 5628 5653 578 5927 5928 5929 5990 6109 6111","4.248","19","C27328","false","C27328"
,"0.0","0.0","0",,"false","290 3299 3618 4891 5076 5116 5236 5550 5551 5552 5630 5682 5873 5914 6296 6297 6298 6299 849","4.248","19","C27329","false","C27329"
,"0.0","0.0","0",,"false","2273 2289 2611 3086 321 322 323 327 328 3616 4507 4509 4858 4859 4860 4862 4863 694 699","4.248","19","C27330","false","C27330"
,"0.0","0.0","0",,"false","10 2056 2290 2679 369 4211 4257 4752 481 4903 5343 5559 5560 5561 5782 946 947 992 993","4.248","19","C27331","false","C27331"
,"0.0","0.0","0",,"false","1031 1665 1667 263 265 269 2895 3553 4768 4896 5477 666 984 985 986 987 989 990 991","4.248","19","C27332","false","C27332"
,"0.0","0.0","0",,"false","1049 1571 1918 1996 2571 2745 3521 3579 3765 3766 4060 4172 4586 4794 4795 4796 4918 4919 5577","4.248","19","C27333","false","C27333"
,"0.0","0.0","0",,"false","0 1 1485 1905 2 2546 2666 3022 3192 3627 4161 4162 4868 4869 5806 5808 6 6092 8","4.248","19","C27334","false","C27334"
,"0.0","0.0","0",,"false","1129 1258 145 1907 2046 2052 2063 2064 2096 3002 3118 3505 4112 434 4810 5281 5724 7 753","4.248","19","C27335","false","C27335"
,"0.0","0.0","0",,"false","1046 1245 17 175 2176 2178 2224 2548 2598 2627 3009 3415 3843 4103 4197 4457 5726 6067 697","4.248","19","C27336","false","C27336"
,"0.0","0.0","0",,"false","1088 1706 1744 2414 2901 2936 2997 3772 4062 4282 4339 4412 4413 4414 4444 4846 5182 5286","4.17","18","C27337","false","C27337"
,"0.0","0.0","0",,"false","1137 1439 1459 1491 1734 1808 2267 3005 3008 316 3411 3566 4104 4750 4751 5176 6121 6122","4.17","18","C27338","false","C27338"
,"0.0","0.0","0",,"false","13 1756 2074 2275 2412 2871 2939 3060 3609 393 3958 3959 3960 3961 4342 4418 4419 6134","4.17","18","C27339","false","C27339"
,"0.0","0.0","0",,"false","1254 1699 1789 2207 2238 2239 2241 2242 2642 284 3007 3241 3464 3467 3947 3948 4315 813","4.17","18","C27340","false","C27340"
,"0.0","0.0","0",,"false","1051 1098 1099 1101 1102 1104 1105 1562 1564 1567 1748 1751 1887 1943 3513 3515 405 916","4.17","18","C27341","false","C27341"
,"0.0","0.0","0",,"false","1330 1617 1753 1754 1755 1757 1759 1761 1832 1985 3584 4026 5124 5125 5415 5417 5812 5813","4.17","18","C27342","false","C27342"
,"0.0","0.0","0",,"false","219 253 254 258 259 3003 318 3207 3209 3883 4591 4811 5151 5213 5658 5659 5705 5706","4.17","18","C27343","false","C27343"
,"0.0","0.0","0",,"false","1624 1836 1911 1914 2017 2520 27 2730 3063 3570 3713 3808 3809 3811 4492 5322 573 6244","4.17","18","C27344","false","C27344"
,"0.0","0.0","0",,"false","1555 1749 2089 2726 2743 2974 3506 3508 3509 4296 5168 5285 5678 5679 5751 5752 5755 5756","4.17","18","C27345","false","C27345"
,"0.0","0.0","0",,"false","1376 2590 2623 2624 3006 4186 4244 4966 499 501 504 506 701 702 704 705 851 918","4.17","18","C27346","false","C27346"
,"0.0","0.0","0",,"false","1007 1812 3516 3981 4005 4776 4790 5048 5050 5495 5496 5566 5567 5761 5896 5939 6072 6242","4.17","18","C27347","false","C27347"
,"0.0","0.0","0",,"false","1042 1108 1110 1112 1113 1114 1115 1632 168 2171 2173 2175 226 2794 3423 3676 3907 4295","4.17","18","C27348","false","C27348"
,"0.0","0.0","0",,"false","1141 129 1351 162 166 167 171 172 1848 2080 2581 3026 3448 4009 4201 4202 6180 6243","4.17","18","C27349","false","C27349"
,"0.0","0.0","0",,"false","143 1433 2716 2986 3058 3138 4118 4203 4275 4277 4769 4917 5130 5180 5471 5472 5839 875","4.17","18","C27350","false","C27350"
,"0.0","0.0","0",,"false","1474 151 154 157 158 161 2104 2105 2107 3891 4177 4510 4629 4958 5328 5329 5330 5391","4.17","18","C27351","false","C27351"
,"0.0","0.0","0",,"false","1087 2295 2346 2348 2350 3082 3794 382 4423 4424 5280 5282 76 77 82 84 996","4.087","17","C27352","false","C27352"
,"0.0","0.0","0",,"false","1307 1310 1312 1313 1314 1315 1803 2617 2643 3528 4269 4797 491 5413 5821 5822 707","4.087","17","C27353","false","C27353"
,"0.0","0.0","0",,"false","1516 1517 1719 1739 1804 2693 28 2820 3473 4073 4169 4235 4262 5072 6229 6253 6254","4.087","17","C27354","false","C27354"
,"0.0","0.0","0",,"false","1184 2259 3023 4070 4285 4801 5059 5064 5065 5184 5187 5188 5621 5622 5689 5690 633","4.087","17","C27355","false","C27355"
,"0.0","0.0","0",,"false","1341 1481 1977 1978 2125 2181 2352 2740 2741 2742 291 3204 4039 4040 4487 63 863","4.087","17","C27356","false","C27356"
,"0.0","0.0","0",,"false","1656 1778 1780 1781 1783 1784 22 26 29 30 32 3312 3533 3534 3535 5140 962","4.087","17","C27357","false","C27357"
,"0.0","0.0","0",,"false","142 1775 1786 2503 2578 2749 2750 2751 2958 3405 4136 4223 4224 4736 4737 669 852","4.087","17","C27358","false","C27358"
,"0.0","0.0","0",,"false","1763 2420 2935 3210 3860 4094 4189 4594 4595 4598 4748 5119 5120 5464 5465 5466 5835","4.087","17","C27359","false","C27359"
,"0.0","0.0","0",,"false","123 2626 2752 3469 4206 4227 4773 4774 5146 5147 5148 5654 570 6096 6102 6280 6281","4.087","17","C27360","false","C27360"
,"0.0","0.0","0",,"false","1005 1490 1524 2909 2910 2911 3206 3489 3543 3863 4513 4588 4890 5264 5336 5337 5553","4.087","17","C27361","false","C27361"
,"0.0","0.0","0",,"false","1130 1877 1879 1882 1883 2474 2938 3624 3625 3628 4124 486 5087 5089 534 5450 970","4.087","17","C27362","false","C27362"
,"0.0","0.0","0",,"false","122 1676 193 2062 2261 2389 2390 2860 3135 3417 3463 4352 4552 4767 4815 4847 5526","4.087","17","C27363","false","C27363"
,"0.0","0.0","0",,"false","1139 2628 2790 3011 3012 3013 3024 352 3587 4454 4455 4456 4460 4569 5359 5360 94","4.087","17","C27364","false","C27364"
,"0.0","0.0","0",,"false","1192 1194 1196 1198 1566 1959 1960 1962 1963 2343 297 3351 3353 3354 338 62 900","4.087","17","C27365","false","C27365"
,"0.0","0.0","0",,"false","163 2630 2735 2889 2949 3163 3169 3636 4291 4431 4566 4940 5353 5579 708 988","4.0","16","C27366","false","C27366"
,"0.0","0.0","0",,"false","1003 1022 1024 1382 2495 25 2670 2701 2703 4792 5277 5758 5786 5787 769 874","4.0","16","C27367","false","C27367"
,"0.0","0.0","0",,"false","1733 1831 3492 3493 3494 3495 3995 407 412 5484 5501 5502 5820 6002 6003 6005","4.0","16","C27368","false","C27368"
,"0.0","0.0","0",,"false","2055 3258 3311 3828 3830 3831 3832 4867 489 493 4946 4947 497 498 5543 5544","4.0","16","C27369","false","C27369"
,"0.0","0.0","0",,"false","1679 1931 1934 2407 2563 2564 2829 2862 330 3568 43 4836 4837 5525 644 645","4.0","16","C27370","false","C27370"
,"0.0","0.0","0",,"false","2148 3892 3895 4402 4515 4838 4852 5110 5158 5345 5527 554 5642 5643 5918 763","4.0","16","C27371","false","C27371"
,"0.0","0.0","0",,"false","1302 1304 1460 1461 2274 257 2680 2881 4095 4164 4237 4256 4389 5248 5249 5961","4.0","16","C27372","false","C27372"
,"0.0","0.0","0",,"false","1487 1488 177 2900 3142 3544 3552 4384 4385 4386 472 4721 5439 5440 5818 5819","4.0","16","C27373","false","C27373"
,"0.0","0.0","0",,"false","1323 137 1484 1728 2071 2773 2943 3079 3199 3200 3201 3323 3324 4289 4305 557","4.0","16","C27374","false","C27374"
,"0.0","0.0","0",,"false","1539 2204 2353 2354 2556 2921 3139 3428 3742 387 4408 4411 4755 5074 6038","3.907","15","C27375","false","C27375"
,"0.0","0.0","0",,"false","1319 1320 1408 1742 1745 1747 1860 1895 2763 2764 866 975 976 979 980","3.907","15","C27376","false","C27376"
,"0.0","0.0","0",,"false","1969 2059 3233 3374 3754 3755 3757 3805 4798 5500 5848 5849 5851 5852 5853","3.907","15","C27377","false","C27377"
,"0.0","0.0","0",,"false","1377 1862 2006 2516 2518 3224 3226 3799 3800 3802 3803 548 551 555 556","3.907","15","C27378","false","C27378"
,"0.0","0.0","0",,"false","1441 1655 3016 3187 3298 4152 4532 468 5092 5179 5324 5325 567 6071 6250","3.907","15","C27379","false","C27379"
,"0.0","0.0","0",,"false","1305 1669 1805 1806 1807 1809 1810 3150 3151 3216 3413 3416 4003 4778 5485","3.907","15","C27380","false","C27380"
,"0.0","0.0","0",,"false","2454 2455 2456 2457 2458 2486 4127 4128 4462 4670 478 479 482 488 5499","3.907","15","C27381","false","C27381"
,"0.0","0.0","0",,"false","1175 1476 1709 2532 2599 3033 3317 3320 3459 3682 3806 3980 4199 4464 4678","3.907","15","C27382","false","C27382"
,"0.0","0.0","0",,"false","15 3190 3562 367 3934 4579 4669 4950 5088 5414 5416 5889 631 855 857","3.907","15","C27383","false","C27383"
,"0.0","0.0","0",,"false","1259 1704 176 2020 2122 2250 2252 289 293 299 3571 4831 4832 4833 5522","3.907","15","C27384","false","C27384"
,"0.0","0.0","0",,"false","1077 1097 1641 1642 1643 1644 1646 1961 2172 2555 3162 599 601 604 606","3.907","15","C27385","false","C27385"
,"0.0","0.0","0",,"false","2225 2388 2476 2595 2715 3352 3931 3932 4072 4074 4563 4892 5051 5555 566","3.907","15","C27386","false","C27386"
,"0.0","0.0","0",,"false","1604 1772 2736 2993 3522 3530 4096 4319 5066 5210 5212 5620 720 815","3.807","14","C27387","false","C27387"
,"0.0","0.0","0",,"false","1872 2037 3539 3619 3622 3623 4727 4808 4809 5716 5945 5946 6087 941","3.807","14","C27388","false","C27388"
,"0.0","0.0","0",,"false","2601 2798 3041 365 3819 3840 4006 4193 4307 4309 4484 4914 5680 678","3.807","14","C27389","false","C27389"
,"0.0","0.0","0",,"false","1109 2087 2453 2678 2681 3217 3279 3847 3848 3850 4253 4254 5169 742","3.807","14","C27390","false","C27390"
,"0.0","0.0","0",,"false","1342 2837 3829 4033 4407 4427 4876 526 5265 5268 527 5326 5339 5352","3.807","14","C27391","false","C27391"
,"0.0","0.0","0",,"false","11 12 18 19 1904 1908 20 2529 2668 3080 3177 3409 3849 4263","3.807","14","C27392","false","C27392"
,"0.0","0.0","0",,"false","1746 2084 2547 2622 2951 2959 329 3999 4226 886 888 889 890 892","3.807","14","C27393","false","C27393"
,"0.0","0.0","0",,"false","1288 1876 3531 3671 3674 3690 3868 4200 4884 4885 4886 4887 5655 5788","3.807","14","C27394","false","C27394"
,"0.0","0.0","0",,"false","1506 1508 1510 1512 1513 1514 1515 3356 5082 5373 5436 5633 5799 6070","3.807","14","C27395","false","C27395"
,"0.0","0.0","0",,"false","2000 2143 3716 3889 3890 426 4617 4900 4901 5386 5387 5390 83","3.7","13","C27396","false","C27396"
,"0.0","0.0","0",,"false","1006 1008 3056 353 4481 4482 5029 5617 6094 6174 6264 716 999","3.7","13","C27397","false","C27397"
,"0.0","0.0","0",,"false","2553 3526 396 399 402 403 408 409 4215 5149 5656 620 802","3.7","13","C27398","false","C27398"
,"0.0","0.0","0",,"false","108 2439 2440 2774 448 5304 5305 5510 878 879 880 882 885","3.7","13","C27399","false","C27399"
,"0.0","0.0","0",,"false","2038 2050 3309 3786 3810 3822 3825 4623 4932 4933 5573 5574 5575","3.7","13","C27400","false","C27400"
,"0.0","0.0","0",,"false","1158 1316 2146 266 3027 3042 3043 4101 4470 5644 5916 5917 877","3.7","13","C27401","false","C27401"
,"0.0","0.0","0",,"false","1136 1138 1140 1142 2151 2338 2770 2785 3015 4935 5044 5388 5586","3.7","13","C27402","false","C27402"
,"0.0","0.0","0",,"false","2117 2276 2988 3188 3252 3974 4422 4902 5557 5558 5600 6110 6195","3.7","13","C27403","false","C27403"
,"0.0","0.0","0",,"false","1064 2444 2557 3422 3698 4102 4187 4803 50 5043 5921 6068","3.585","12","C27404","false","C27404"
,"0.0","0.0","0",,"false","131 1329 2032 2088 2093 2094 2317 2494 2496 484 532 93","3.585","12","C27405","false","C27405"
,"0.0","0.0","0",,"false","1135 1388 1602 1813 1878 1885 246 264 2695 3673 5828 718","3.585","12","C27406","false","C27406"
,"0.0","0.0","0",,"false","127 2893 3316 3956 4098 4585 4784 5980 756 761 762 845","3.585","12","C27407","false","C27407"
,"0.0","0.0","0",,"false","1127 124 1971 3214 3739 3741 4016 5263 5936 6196 6247 6248","3.585","12","C27408","false","C27408"
,"0.0","0.0","0",,"false","199 2086 2779 3842 3844 3845 4633 4646 5397 5398 5629","3.459","11","C27409","false","C27409"
,"0.0","0.0","0",,"false","1317 1403 1406 1409 1410 2374 3152 3167 3168 4554 4555","3.459","11","C27410","false","C27410"
,"0.0","0.0","0",,"false","1255 141 148 150 2719 3081 3116 4278 4279 4504 5458","3.459","11","C27411","false","C27411"
,"0.0","0.0","0",,"false","252 311 3677 4465 5750 5962 5963 5988 6046 6171 6236","3.459","11","C27412","false","C27412"
,"0.0","0.0","0",,"false","1737 180 2132 2549 3236 3529 4353 5338 5785 752 754","3.459","11","C27413","false","C27413"
,"0.0","0.0","0",,"false","1404 2058 2477 3274 3276 3277 3278 4080 4246 4644 4680","3.459","11","C27414","false","C27414"
,"0.0","0.0","0",,"false","2431 2570 3096 4459 4517 4518 4520 5017 5150 5302 654","3.459","11","C27415","false","C27415"
,"0.0","0.0","0",,"false","1230 1280 1900 1923 3004 3654 3693 3694 4584 586 717","3.459","11","C27416","false","C27416"
,"0.0","0.0","0",,"false","249 2807 4306 4313 4314 4741 5459 5460 5832 5833 5834","3.459","11","C27417","false","C27417"
,"0.0","0.0","0",,"false","1274 1379 1381 1385 1386 1579 1580 3213 3248 391 602","3.459","11","C27418","false","C27418"
,"0.0","0.0","0",,"false","2491 2615 2616 2618 2619 2620 4220 427 507 700","3.322","10","C27419","false","C27419"
,"0.0","0.0","0",,"false","1401 2699 3255 3256 3257 4196 4636 4637 5122 856","3.322","10","C27420","false","C27420"
,"0.0","0.0","0",,"false","2166 2875 3243 3327 366 368 4357 4358 4619 778","3.322","10","C27421","false","C27421"
,"0.0","0.0","0",,"false","2397 2401 2402 3304 422 5960 6239 6259 6260 6261","3.322","10","C27422","false","C27422"
,"0.0","0.0","0",,"false","1380 1897 1899 3 33 35 36 37 40 41","3.322","10","C27423","false","C27423"
,"0.0","0.0","0",,"false","1424 2855 2856 2858 2861 3286 3287 3487 5104 967","3.322","10","C27424","false","C27424"
,"0.0","0.0","0",,"false","1362 1363 1364 1365 1366 1368 1477 2082 2293 348","3.322","10","C27425","false","C27425"
,"0.0","0.0","0",,"false","2328 350 370 373 374 375 377 378 4191 432","3.322","10","C27426","false","C27426"
,"0.0","0.0","0",,"false","126 345 3945 4160 4198 5123 5529 5867 698","3.17","9","C27427","false","C27427"
,"0.0","0.0","0",,"false","125 2072 2073 3846 5128 5229 5267 5925 5938","3.17","9","C27428","false","C27428"
,"0.0","0.0","0",,"false","1033 1034 1035 1037 1714 3208 4508 559 824","3.17","9","C27429","false","C27429"
,"0.0","0.0","0",,"false","196 2142 2144 2415 4174 424 4502 5331 5332","3.17","9","C27430","false","C27430"
,"0.0","0.0","0",,"false","2206 2208 2210 251 2577 4178 4179 553 696","3.17","9","C27431","false","C27431"
,"0.0","0.0","0",,"false","147 1519 1909 3348 3349 3893 3937 5532","3.0","8","C27432","false","C27432"
,"0.0","0.0","0",,"false","1094 1161 121 144 1473 1948 298 3088","3.0","8","C27433","false","C27433"
,"0.0","0.0","0",,"false","113 179 2018 2606 3452 4399 830","2.807","7","C27434","false","C27434"
,"0.0","0.0","0",,"false","1352 1355 1494 174 2580 667","2.585","6","C27435","false","C27435"
,"0.0","0.0","0",,"false","149 1596 1601 1603 2098 2819","2.585","6","C27436","false","C27436"
,"0.0","0.0","0",,"false","128 1537 155 3040 5 820","2.585","6","C27437","false","C27437"
,"0.0","0.0","0",,"false","1722 1723 1902 4","2.0","4","C27438","false","C27438"
,"0.0","0.0","0",,"false","1683 1684","1.0","2","C27439","false","C27439"
